sample_adaptor_secondary_number,sample_adaptor_number,sample_organism,sample_exptype,sample_platform,sample_celltype,sample_scientist,sample_group,sample_preparation_type,sample_user_preparation_kit,sample_fragment_size,sample_stranded,sample_adaptor_type,sample_genotype,sample_treatment,sample_comments,sample_description,sample_adaptor_tag,sample_adaptor_secondary_tag,Timepoint,prefix,sample_conc_tag,sample_name
505,701,Metagenomics,Amplicons,Illumina,Bacterial,Niklas Schandry,Becker,none,DNeasy Power Soil,500-600,0,Nextera XT,Syncom_reduced_mixed,DMSO,Rep_1 24h,Syncom_reduced_mixed_DMSO_Rep_1,TAAGGCGA,GTAAGGAG,24h,000000000-CBTKL,TAAGGCGAGTAAGGAG,Syncom_reduced_mixed_DMSO_Rep_1.Rep_1_24h
506,701,Metagenomics,Amplicons,Illumina,Bacterial,Niklas Schandry,Becker,none,DNeasy Power Soil,500-600,0,Nextera XT,Syncom_reduced_tolerant,DMSO,Rep_1 24h,Syncom_reduced_tolerant_DMSO_Rep_1,TAAGGCGA,ACTGCATA,24h,000000000-CBTKL,TAAGGCGAACTGCATA,Syncom_reduced_tolerant_DMSO_Rep_1.Rep_1_24h
510,701,Metagenomics,Amplicons,Illumina,Bacterial,Niklas Schandry,Becker,none,DNeasy Power Soil,500-600,0,Nextera XT,Syncom_reduced_sensitive,DMSO,Rep_1 24h,Syncom_reduced_sensitive_DMSO_Rep_1,TAAGGCGA,CGTCTAAT,24h,000000000-CBTKL,TAAGGCGACGTCTAAT,Syncom_reduced_sensitive_DMSO_Rep_1.Rep_1_24h
511,701,Metagenomics,Amplicons,Illumina,Bacterial,Niklas Schandry,Becker,none,DNeasy Power Soil,500-600,0,Nextera XT,Syncom_full_random,DMSO,Rep_1 24h,Syncom_full_random_DMSO_Rep_1,TAAGGCGA,TCTCTCCG,24h,000000000-CBTKL,TAAGGCGATCTCTCCG,Syncom_full_random_DMSO_Rep_1.Rep_1_24h
505,702,Metagenomics,Amplicons,Illumina,Bacterial,Niklas Schandry,Becker,none,DNeasy Power Soil,500-600,0,Nextera XT,Syncom_reduced_mixed,BOA,Rep_1 24h,Syncom_reduced_mixed_BOA_Rep_1,CGTACTAG,GTAAGGAG,24h,000000000-CBTKL,CGTACTAGGTAAGGAG,Syncom_reduced_mixed_BOA_Rep_1.Rep_1_24h
506,702,Metagenomics,Amplicons,Illumina,Bacterial,Niklas Schandry,Becker,none,DNeasy Power Soil,500-600,0,Nextera XT,Syncom_reduced_tolerant,BOA,Rep_1 24h,Syncom_reduced_tolerant_BOA_Rep_1,CGTACTAG,ACTGCATA,24h,000000000-CBTKL,CGTACTAGACTGCATA,Syncom_reduced_tolerant_BOA_Rep_1.Rep_1_24h
510,702,Metagenomics,Amplicons,Illumina,Bacterial,Niklas Schandry,Becker,none,DNeasy Power Soil,500-600,0,Nextera XT,Syncom_reduced_sensitive,BOA,Rep_1 24h,Syncom_reduced_sensitive_BOA_Rep_1,CGTACTAG,CGTCTAAT,24h,000000000-CBTKL,CGTACTAGCGTCTAAT,Syncom_reduced_sensitive_BOA_Rep_1.Rep_1_24h
511,702,Metagenomics,Amplicons,Illumina,Bacterial,Niklas Schandry,Becker,none,DNeasy Power Soil,500-600,0,Nextera XT,Syncom_full_random,BOA,Rep_1 24h,Syncom_full_random_BOA_Rep_1,CGTACTAG,TCTCTCCG,24h,000000000-CBTKL,CGTACTAGTCTCTCCG,Syncom_full_random_BOA_Rep_1.Rep_1_24h
505,703,Metagenomics,Amplicons,Illumina,Bacterial,Niklas Schandry,Becker,none,DNeasy Power Soil,500-600,0,Nextera XT,Syncom_reduced_mixed,APO,Rep_1 24h,Syncom_reduced_mixed_APO_Rep_1,AGGCAGAA,GTAAGGAG,24h,000000000-CBTKL,AGGCAGAAGTAAGGAG,Syncom_reduced_mixed_APO_Rep_1.Rep_1_24h
506,703,Metagenomics,Amplicons,Illumina,Bacterial,Niklas Schandry,Becker,none,DNeasy Power Soil,500-600,0,Nextera XT,Syncom_reduced_tolerant,APO,Rep_1 24h,Syncom_reduced_tolerant_APO_Rep_1,AGGCAGAA,ACTGCATA,24h,000000000-CBTKL,AGGCAGAAACTGCATA,Syncom_reduced_tolerant_APO_Rep_1.Rep_1_24h
510,703,Metagenomics,Amplicons,Illumina,Bacterial,Niklas Schandry,Becker,none,DNeasy Power Soil,500-600,0,Nextera XT,Syncom_reduced_sensitive,APO,Rep_1 24h,Syncom_reduced_sensitive_APO_Rep_1,AGGCAGAA,CGTCTAAT,24h,000000000-CBTKL,AGGCAGAACGTCTAAT,Syncom_reduced_sensitive_APO_Rep_1.Rep_1_24h
511,703,Metagenomics,Amplicons,Illumina,Bacterial,Niklas Schandry,Becker,none,DNeasy Power Soil,500-600,0,Nextera XT,Syncom_full_random,APO,Rep_1 24h,Syncom_full_random_APO_Rep_1,AGGCAGAA,TCTCTCCG,24h,000000000-CBTKL,AGGCAGAATCTCTCCG,Syncom_full_random_APO_Rep_1.Rep_1_24h
505,704,Metagenomics,Amplicons,Illumina,Bacterial,Niklas Schandry,Becker,none,DNeasy Power Soil,500-600,0,Nextera XT,Syncom_reduced_mixed,DMSO,Rep_3 24h,Syncom_reduced_mixed_DMSO_Rep_3,TCCTGAGC,GTAAGGAG,24h,000000000-CBTKL,TCCTGAGCGTAAGGAG,Syncom_reduced_mixed_DMSO_Rep_3.Rep_3_24h
506,704,Metagenomics,Amplicons,Illumina,Bacterial,Niklas Schandry,Becker,none,DNeasy Power Soil,500-600,0,Nextera XT,Syncom_reduced_tolerant,DMSO,Rep_3 24h,Syncom_reduced_tolerant_DMSO_Rep_3,TCCTGAGC,ACTGCATA,24h,000000000-CBTKL,TCCTGAGCACTGCATA,Syncom_reduced_tolerant_DMSO_Rep_3.Rep_3_24h
510,704,Metagenomics,Amplicons,Illumina,Bacterial,Niklas Schandry,Becker,none,DNeasy Power Soil,500-600,0,Nextera XT,Syncom_reduced_sensitive,DMSO,Rep_3 24h,Syncom_reduced_sensitive_DMSO_Rep_3,TCCTGAGC,CGTCTAAT,24h,000000000-CBTKL,TCCTGAGCCGTCTAAT,Syncom_reduced_sensitive_DMSO_Rep_3.Rep_3_24h
511,704,Metagenomics,Amplicons,Illumina,Bacterial,Niklas Schandry,Becker,none,DNeasy Power Soil,500-600,0,Nextera XT,Syncom_full_random,DMSO,Rep_3 24h,Syncom_full_random_DMSO_Rep_3,TCCTGAGC,TCTCTCCG,24h,000000000-CBTKL,TCCTGAGCTCTCTCCG,Syncom_full_random_DMSO_Rep_3.Rep_3_24h
505,705,Metagenomics,Amplicons,Illumina,Bacterial,Niklas Schandry,Becker,none,DNeasy Power Soil,500-600,0,Nextera XT,Syncom_reduced_mixed,BOA,Rep_3 24h,Syncom_reduced_mixed_BOA_Rep_3,GGACTCCT,GTAAGGAG,24h,000000000-CBTKL,GGACTCCTGTAAGGAG,Syncom_reduced_mixed_BOA_Rep_3.Rep_3_24h
506,705,Metagenomics,Amplicons,Illumina,Bacterial,Niklas Schandry,Becker,none,DNeasy Power Soil,500-600,0,Nextera XT,Syncom_reduced_tolerant,BOA,Rep_3 24h,Syncom_reduced_tolerant_BOA_Rep_3,GGACTCCT,ACTGCATA,24h,000000000-CBTKL,GGACTCCTACTGCATA,Syncom_reduced_tolerant_BOA_Rep_3.Rep_3_24h
510,705,Metagenomics,Amplicons,Illumina,Bacterial,Niklas Schandry,Becker,none,DNeasy Power Soil,500-600,0,Nextera XT,Syncom_reduced_sensitive,BOA,Rep_3 24h,Syncom_reduced_sensitive_BOA_Rep_3,GGACTCCT,CGTCTAAT,24h,000000000-CBTKL,GGACTCCTCGTCTAAT,Syncom_reduced_sensitive_BOA_Rep_3.Rep_3_24h
511,705,Metagenomics,Amplicons,Illumina,Bacterial,Niklas Schandry,Becker,none,DNeasy Power Soil,500-600,0,Nextera XT,Syncom_full_random,BOA,Rep_3 24h,Syncom_full_random_BOA_Rep_3,GGACTCCT,TCTCTCCG,24h,000000000-CBTKL,GGACTCCTTCTCTCCG,Syncom_full_random_BOA_Rep_3.Rep_3_24h
505,706,Metagenomics,Amplicons,Illumina,Bacterial,Niklas Schandry,Becker,none,DNeasy Power Soil,500-600,0,Nextera XT,Syncom_reduced_mixed,APO,Rep_3 24h,Syncom_reduced_mixed_APO_Rep_3,TAGGCATG,GTAAGGAG,24h,000000000-CBTKL,TAGGCATGGTAAGGAG,Syncom_reduced_mixed_APO_Rep_3.Rep_3_24h
506,706,Metagenomics,Amplicons,Illumina,Bacterial,Niklas Schandry,Becker,none,DNeasy Power Soil,500-600,0,Nextera XT,Syncom_reduced_tolerant,APO,Rep_3 24h,Syncom_reduced_tolerant_APO_Rep_3,TAGGCATG,ACTGCATA,24h,000000000-CBTKL,TAGGCATGACTGCATA,Syncom_reduced_tolerant_APO_Rep_3.Rep_3_24h
510,706,Metagenomics,Amplicons,Illumina,Bacterial,Niklas Schandry,Becker,none,DNeasy Power Soil,500-600,0,Nextera XT,Syncom_reduced_sensitive,APO,Rep_3 24h,Syncom_reduced_sensitive_APO_Rep_3,TAGGCATG,CGTCTAAT,24h,000000000-CBTKL,TAGGCATGCGTCTAAT,Syncom_reduced_sensitive_APO_Rep_3.Rep_3_24h
511,706,Metagenomics,Amplicons,Illumina,Bacterial,Niklas Schandry,Becker,none,DNeasy Power Soil,500-600,0,Nextera XT,Syncom_full_random,APO,Rep_3 24h,Syncom_full_random_APO_Rep_3,TAGGCATG,TCTCTCCG,24h,000000000-CBTKL,TAGGCATGTCTCTCCG,Syncom_full_random_APO_Rep_3.Rep_3_24h
505,707,Metagenomics,Amplicons,Illumina,Bacterial,Niklas Schandry,Becker,none,DNeasy Power Soil,500-600,0,Nextera XT,Syncom_reduced_mixed,DMSO,Rep_4 24h,Syncom_reduced_mixed_DMSO_Rep_4,CTCTCTAC,GTAAGGAG,24h,000000000-CBTKL,CTCTCTACGTAAGGAG,Syncom_reduced_mixed_DMSO_Rep_4.Rep_4_24h
506,707,Metagenomics,Amplicons,Illumina,Bacterial,Niklas Schandry,Becker,none,DNeasy Power Soil,500-600,0,Nextera XT,Syncom_reduced_tolerant,DMSO,Rep_4 24h,Syncom_reduced_tolerant_DMSO_Rep_4,CTCTCTAC,ACTGCATA,24h,000000000-CBTKL,CTCTCTACACTGCATA,Syncom_reduced_tolerant_DMSO_Rep_4.Rep_4_24h
510,707,Metagenomics,Amplicons,Illumina,Bacterial,Niklas Schandry,Becker,none,DNeasy Power Soil,500-600,0,Nextera XT,Syncom_reduced_sensitive,DMSO,Rep_4 24h,Syncom_reduced_sensitive_DMSO_Rep_4,CTCTCTAC,CGTCTAAT,24h,000000000-CBTKL,CTCTCTACCGTCTAAT,Syncom_reduced_sensitive_DMSO_Rep_4.Rep_4_24h
511,707,Metagenomics,Amplicons,Illumina,Bacterial,Niklas Schandry,Becker,none,DNeasy Power Soil,500-600,0,Nextera XT,Syncom_full_random,DMSO,Rep_4 24h,Syncom_full_random_DMSO_Rep_4,CTCTCTAC,TCTCTCCG,24h,000000000-CBTKL,CTCTCTACTCTCTCCG,Syncom_full_random_DMSO_Rep_4.Rep_4_24h
505,710,Metagenomics,Amplicons,Illumina,Bacterial,Niklas Schandry,Becker,none,DNeasy Power Soil,500-600,0,Nextera XT,Syncom_reduced_mixed,BOA,Rep_4 24h,Syncom_reduced_mixed_BOA_Rep_4,CGAGGCTG,GTAAGGAG,24h,000000000-CBTKL,CGAGGCTGGTAAGGAG,Syncom_reduced_mixed_BOA_Rep_4.Rep_4_24h
506,710,Metagenomics,Amplicons,Illumina,Bacterial,Niklas Schandry,Becker,none,DNeasy Power Soil,500-600,0,Nextera XT,Syncom_reduced_tolerant,BOA,Rep_4 24h,Syncom_reduced_tolerant_BOA_Rep_4,CGAGGCTG,ACTGCATA,24h,000000000-CBTKL,CGAGGCTGACTGCATA,Syncom_reduced_tolerant_BOA_Rep_4.Rep_4_24h
510,710,Metagenomics,Amplicons,Illumina,Bacterial,Niklas Schandry,Becker,none,DNeasy Power Soil,500-600,0,Nextera XT,Syncom_reduced_sensitive,BOA,Rep_4 24h,Syncom_reduced_sensitive_BOA_Rep_4,CGAGGCTG,CGTCTAAT,24h,000000000-CBTKL,CGAGGCTGCGTCTAAT,Syncom_reduced_sensitive_BOA_Rep_4.Rep_4_24h
511,710,Metagenomics,Amplicons,Illumina,Bacterial,Niklas Schandry,Becker,none,DNeasy Power Soil,500-600,0,Nextera XT,Syncom_full_random,BOA,Rep_4 24h,Syncom_full_random_BOA_Rep_4,CGAGGCTG,TCTCTCCG,24h,000000000-CBTKL,CGAGGCTGTCTCTCCG,Syncom_full_random_BOA_Rep_4.Rep_4_24h
505,711,Metagenomics,Amplicons,Illumina,Bacterial,Niklas Schandry,Becker,none,DNeasy Power Soil,500-600,0,Nextera XT,Syncom_reduced_mixed,APO,Rep_4 24h,Syncom_reduced_mixed_APO_Rep_4,AAGAGGCA,GTAAGGAG,24h,000000000-CBTKL,AAGAGGCAGTAAGGAG,Syncom_reduced_mixed_APO_Rep_4.Rep_4_24h
506,711,Metagenomics,Amplicons,Illumina,Bacterial,Niklas Schandry,Becker,none,DNeasy Power Soil,500-600,0,Nextera XT,Syncom_reduced_tolerant,APO,Rep_4 24h,Syncom_reduced_tolerant_APO_Rep_4,AAGAGGCA,ACTGCATA,24h,000000000-CBTKL,AAGAGGCAACTGCATA,Syncom_reduced_tolerant_APO_Rep_4.Rep_4_24h
510,711,Metagenomics,Amplicons,Illumina,Bacterial,Niklas Schandry,Becker,none,DNeasy Power Soil,500-600,0,Nextera XT,Syncom_reduced_sensitive,APO,Rep_4 24h,Syncom_reduced_sensitive_APO_Rep_4,AAGAGGCA,CGTCTAAT,24h,000000000-CBTKL,AAGAGGCACGTCTAAT,Syncom_reduced_sensitive_APO_Rep_4.Rep_4_24h
511,711,Metagenomics,Amplicons,Illumina,Bacterial,Niklas Schandry,Becker,none,DNeasy Power Soil,500-600,0,Nextera XT,Syncom_full_random,APO,Rep_4 24h,Syncom_full_random_APO_Rep_4,AAGAGGCA,TCTCTCCG,24h,000000000-CBTKL,AAGAGGCATCTCTCCG,Syncom_full_random_APO_Rep_4.Rep_4_24h
502,712,Metagenomics,Amplicons,Illumina,Bacterial,Niklas Schandry,Becker,none,DNeasy Power Soil,500-600,0,Nextera XT,SyncomNegative_Control,DMSO,Rep_1 24h,SyncomNegative_Control_DMSO_Rep_1,GTAGAGGA,CTCTCTAT,24h,000000000-CBTKL,GTAGAGGACTCTCTAT,SyncomNegative_Control_DMSO_Rep_1.Rep_1_24h
503,712,Metagenomics,Amplicons,Illumina,Bacterial,Niklas Schandry,Becker,none,DNeasy Power Soil,500-600,0,Nextera XT,SyncomNegative_Control,DMSO,Rep_3 24h,SyncomNegative_Control_DMSO_Rep_3,GTAGAGGA,TATCCTCT,24h,000000000-CBTKL,GTAGAGGATATCCTCT,SyncomNegative_Control_DMSO_Rep_3.Rep_3_24h
505,712,Metagenomics,Amplicons,Illumina,Bacterial,Niklas Schandry,Becker,none,DNeasy Power Soil,500-600,0,Nextera XT,SyncomNegative_Control,DMSO,Rep_4 24h,SyncomNegative_Control_DMSO_Rep_4,GTAGAGGA,GTAAGGAG,24h,000000000-CBTKL,GTAGAGGAGTAAGGAG,SyncomNegative_Control_DMSO_Rep_4.Rep_4_24h
502,714,Metagenomics,Amplicons,Illumina,Bacterial,Niklas Schandry,Becker,none,DNeasy Power Soil,500-600,0,Nextera XT,SyncomNegative_Control,BOA,Rep_1 24h,SyncomNegative_Control_BOA_Rep_1,GCTCATGA,CTCTCTAT,24h,000000000-CBTKL,GCTCATGACTCTCTAT,SyncomNegative_Control_BOA_Rep_1.Rep_1_24h
503,714,Metagenomics,Amplicons,Illumina,Bacterial,Niklas Schandry,Becker,none,DNeasy Power Soil,500-600,0,Nextera XT,SyncomNegative_Control,BOA,Rep_3 24h,SyncomNegative_Control_BOA_Rep_3,GCTCATGA,TATCCTCT,24h,000000000-CBTKL,GCTCATGATATCCTCT,SyncomNegative_Control_BOA_Rep_3.Rep_3_24h
505,714,Metagenomics,Amplicons,Illumina,Bacterial,Niklas Schandry,Becker,none,DNeasy Power Soil,500-600,0,Nextera XT,SyncomNegative_Control,BOA,Rep_4 24h,SyncomNegative_Control_BOA_Rep_4,GCTCATGA,GTAAGGAG,24h,000000000-CBTKL,GCTCATGAGTAAGGAG,SyncomNegative_Control_BOA_Rep_4.Rep_4_24h
502,715,Metagenomics,Amplicons,Illumina,Bacterial,Niklas Schandry,Becker,none,DNeasy Power Soil,500-600,0,Nextera XT,SyncomNegative_Control,APO,Rep_1 24h,SyncomNegative_Control_APO_Rep_1,ATCTCAGG,CTCTCTAT,24h,000000000-CBTKL,ATCTCAGGCTCTCTAT,SyncomNegative_Control_APO_Rep_1.Rep_1_24h
503,715,Metagenomics,Amplicons,Illumina,Bacterial,Niklas Schandry,Becker,none,DNeasy Power Soil,500-600,0,Nextera XT,SyncomNegative_Control,APO,Rep_3 24h,SyncomNegative_Control_APO_Rep_3,ATCTCAGG,TATCCTCT,24h,000000000-CBTKL,ATCTCAGGTATCCTCT,SyncomNegative_Control_APO_Rep_3.Rep_3_24h
505,715,Metagenomics,Amplicons,Illumina,Bacterial,Niklas Schandry,Becker,none,DNeasy Power Soil,500-600,0,Nextera XT,SyncomNegative_Control,APO,Rep_4 24h,SyncomNegative_Control_APO_Rep_4,ATCTCAGG,GTAAGGAG,24h,000000000-CBTKL,ATCTCAGGGTAAGGAG,SyncomNegative_Control_APO_Rep_4.Rep_4_24h
505,716,Metagenomics,Amplicons,Illumina,Bacterial,Niklas Schandry,Becker,none,DNeasy Power Soil,500-600,0,Nextera XT,Syncom_reduced_mixed,DMSO,Rep_5 24h,Syncom_reduced_mixed_DMSO_Rep_5,ACTCGCTA,GTAAGGAG,24h,000000000-CBTKL,ACTCGCTAGTAAGGAG,Syncom_reduced_mixed_DMSO_Rep_5.Rep_5_24h
506,716,Metagenomics,Amplicons,Illumina,Bacterial,Niklas Schandry,Becker,none,DNeasy Power Soil,500-600,0,Nextera XT,Syncom_reduced_tolerant,DMSO,Rep_5 24h,Syncom_reduced_tolerant_DMSO_Rep_5,ACTCGCTA,ACTGCATA,24h,000000000-CBTKL,ACTCGCTAACTGCATA,Syncom_reduced_tolerant_DMSO_Rep_5.Rep_5_24h
510,716,Metagenomics,Amplicons,Illumina,Bacterial,Niklas Schandry,Becker,none,DNeasy Power Soil,500-600,0,Nextera XT,Syncom_reduced_sensitive,DMSO,Rep_5 24h,Syncom_reduced_sensitive_DMSO_Rep_5,ACTCGCTA,CGTCTAAT,24h,000000000-CBTKL,ACTCGCTACGTCTAAT,Syncom_reduced_sensitive_DMSO_Rep_5.Rep_5_24h
511,716,Metagenomics,Amplicons,Illumina,Bacterial,Niklas Schandry,Becker,none,DNeasy Power Soil,500-600,0,Nextera XT,Syncom_full_random,DMSO,Rep_5 24h,Syncom_full_random_DMSO_Rep_5,ACTCGCTA,TCTCTCCG,24h,000000000-CBTKL,ACTCGCTATCTCTCCG,Syncom_full_random_DMSO_Rep_5.Rep_5_24h
505,718,Metagenomics,Amplicons,Illumina,Bacterial,Niklas Schandry,Becker,none,DNeasy Power Soil,500-600,0,Nextera XT,Syncom_reduced_mixed,BOA,Rep_5 24h,Syncom_reduced_mixed_BOA_Rep_5,GGAGCTAC,GTAAGGAG,24h,000000000-CBTKL,GGAGCTACGTAAGGAG,Syncom_reduced_mixed_BOA_Rep_5.Rep_5_24h
506,718,Metagenomics,Amplicons,Illumina,Bacterial,Niklas Schandry,Becker,none,DNeasy Power Soil,500-600,0,Nextera XT,Syncom_reduced_tolerant,BOA,Rep_5 24h,Syncom_reduced_tolerant_BOA_Rep_5,GGAGCTAC,ACTGCATA,24h,000000000-CBTKL,GGAGCTACACTGCATA,Syncom_reduced_tolerant_BOA_Rep_5.Rep_5_24h
510,718,Metagenomics,Amplicons,Illumina,Bacterial,Niklas Schandry,Becker,none,DNeasy Power Soil,500-600,0,Nextera XT,Syncom_reduced_sensitive,BOA,Rep_5 24h,Syncom_reduced_sensitive_BOA_Rep_5,GGAGCTAC,CGTCTAAT,24h,000000000-CBTKL,GGAGCTACCGTCTAAT,Syncom_reduced_sensitive_BOA_Rep_5.Rep_5_24h
511,718,Metagenomics,Amplicons,Illumina,Bacterial,Niklas Schandry,Becker,none,DNeasy Power Soil,500-600,0,Nextera XT,Syncom_full_random,BOA,Rep_5 24h,Syncom_full_random_BOA_Rep_5,GGAGCTAC,TCTCTCCG,24h,000000000-CBTKL,GGAGCTACTCTCTCCG,Syncom_full_random_BOA_Rep_5.Rep_5_24h
505,719,Metagenomics,Amplicons,Illumina,Bacterial,Niklas Schandry,Becker,none,DNeasy Power Soil,500-600,0,Nextera XT,Syncom_reduced_mixed,APO,Rep_5 24h,Syncom_reduced_mixed_APO_Rep_5,GCGTAGTA,GTAAGGAG,24h,000000000-CBTKL,GCGTAGTAGTAAGGAG,Syncom_reduced_mixed_APO_Rep_5.Rep_5_24h
506,719,Metagenomics,Amplicons,Illumina,Bacterial,Niklas Schandry,Becker,none,DNeasy Power Soil,500-600,0,Nextera XT,Syncom_reduced_tolerant,APO,Rep_5 24h,Syncom_reduced_tolerant_APO_Rep_5,GCGTAGTA,ACTGCATA,24h,000000000-CBTKL,GCGTAGTAACTGCATA,Syncom_reduced_tolerant_APO_Rep_5.Rep_5_24h
510,719,Metagenomics,Amplicons,Illumina,Bacterial,Niklas Schandry,Becker,none,DNeasy Power Soil,500-600,0,Nextera XT,Syncom_reduced_sensitive,APO,Rep_5 24h,Syncom_reduced_sensitive_APO_Rep_5,GCGTAGTA,CGTCTAAT,24h,000000000-CBTKL,GCGTAGTACGTCTAAT,Syncom_reduced_sensitive_APO_Rep_5.Rep_5_24h
511,719,Metagenomics,Amplicons,Illumina,Bacterial,Niklas Schandry,Becker,none,DNeasy Power Soil,500-600,0,Nextera XT,Syncom_full_random,APO,Rep_5 24h,Syncom_full_random_APO_Rep_5,GCGTAGTA,TCTCTCCG,24h,000000000-CBTKL,GCGTAGTATCTCTCCG,Syncom_full_random_APO_Rep_5.Rep_5_24h
505,720,Metagenomics,Amplicons,Illumina,Bacterial,Niklas Schandry,Becker,none,DNeasy Power Soil,500-600,0,Nextera XT,Syncom_reduced_mixed,DMSO,Rep_6 24h,Syncom_reduced_mixed_DMSO_Rep_6,CGGAGCCT,GTAAGGAG,24h,000000000-CBTKL,CGGAGCCTGTAAGGAG,Syncom_reduced_mixed_DMSO_Rep_6.Rep_6_24h
506,720,Metagenomics,Amplicons,Illumina,Bacterial,Niklas Schandry,Becker,none,DNeasy Power Soil,500-600,0,Nextera XT,Syncom_reduced_tolerant,DMSO,Rep_6 24h,Syncom_reduced_tolerant_DMSO_Rep_6,CGGAGCCT,ACTGCATA,24h,000000000-CBTKL,CGGAGCCTACTGCATA,Syncom_reduced_tolerant_DMSO_Rep_6.Rep_6_24h
510,720,Metagenomics,Amplicons,Illumina,Bacterial,Niklas Schandry,Becker,none,DNeasy Power Soil,500-600,0,Nextera XT,Syncom_reduced_sensitive,DMSO,Rep_6 24h,Syncom_reduced_sensitive_DMSO_Rep_6,CGGAGCCT,CGTCTAAT,24h,000000000-CBTKL,CGGAGCCTCGTCTAAT,Syncom_reduced_sensitive_DMSO_Rep_6.Rep_6_24h
511,720,Metagenomics,Amplicons,Illumina,Bacterial,Niklas Schandry,Becker,none,DNeasy Power Soil,500-600,0,Nextera XT,Syncom_full_random,DMSO,Rep_6 24h,Syncom_full_random_DMSO_Rep_6,CGGAGCCT,TCTCTCCG,24h,000000000-CBTKL,CGGAGCCTTCTCTCCG,Syncom_full_random_DMSO_Rep_6.Rep_6_24h
505,721,Metagenomics,Amplicons,Illumina,Bacterial,Niklas Schandry,Becker,none,DNeasy Power Soil,500-600,0,Nextera XT,Syncom_reduced_mixed,BOA,Rep_6 24h,Syncom_reduced_mixed_BOA_Rep_6,TACGCTGC,GTAAGGAG,24h,000000000-CBTKL,TACGCTGCGTAAGGAG,Syncom_reduced_mixed_BOA_Rep_6.Rep_6_24h
506,721,Metagenomics,Amplicons,Illumina,Bacterial,Niklas Schandry,Becker,none,DNeasy Power Soil,500-600,0,Nextera XT,Syncom_reduced_tolerant,BOA,Rep_6 24h,Syncom_reduced_tolerant_BOA_Rep_6,TACGCTGC,ACTGCATA,24h,000000000-CBTKL,TACGCTGCACTGCATA,Syncom_reduced_tolerant_BOA_Rep_6.Rep_6_24h
510,721,Metagenomics,Amplicons,Illumina,Bacterial,Niklas Schandry,Becker,none,DNeasy Power Soil,500-600,0,Nextera XT,Syncom_reduced_sensitive,BOA,Rep_6 24h,Syncom_reduced_sensitive_BOA_Rep_6,TACGCTGC,CGTCTAAT,24h,000000000-CBTKL,TACGCTGCCGTCTAAT,Syncom_reduced_sensitive_BOA_Rep_6.Rep_6_24h
511,721,Metagenomics,Amplicons,Illumina,Bacterial,Niklas Schandry,Becker,none,DNeasy Power Soil,500-600,0,Nextera XT,Syncom_full_random,BOA,Rep_6 24h,Syncom_full_random_BOA_Rep_6,TACGCTGC,TCTCTCCG,24h,000000000-CBTKL,TACGCTGCTCTCTCCG,Syncom_full_random_BOA_Rep_6.Rep_6_24h
505,722,Metagenomics,Amplicons,Illumina,Bacterial,Niklas Schandry,Becker,none,DNeasy Power Soil,500-600,0,Nextera XT,Syncom_reduced_mixed,APO,Rep_6 24h,Syncom_reduced_mixed_APO_Rep_6,ATGCGCAG,GTAAGGAG,24h,000000000-CBTKL,ATGCGCAGGTAAGGAG,Syncom_reduced_mixed_APO_Rep_6.Rep_6_24h
506,722,Metagenomics,Amplicons,Illumina,Bacterial,Niklas Schandry,Becker,none,DNeasy Power Soil,500-600,0,Nextera XT,Syncom_reduced_tolerant,APO,Rep_6 24h,Syncom_reduced_tolerant_APO_Rep_6,ATGCGCAG,ACTGCATA,24h,000000000-CBTKL,ATGCGCAGACTGCATA,Syncom_reduced_tolerant_APO_Rep_6.Rep_6_24h
510,722,Metagenomics,Amplicons,Illumina,Bacterial,Niklas Schandry,Becker,none,DNeasy Power Soil,500-600,0,Nextera XT,Syncom_reduced_sensitive,APO,Rep_6 24h,Syncom_reduced_sensitive_APO_Rep_6,ATGCGCAG,CGTCTAAT,24h,000000000-CBTKL,ATGCGCAGCGTCTAAT,Syncom_reduced_sensitive_APO_Rep_6.Rep_6_24h
511,722,Metagenomics,Amplicons,Illumina,Bacterial,Niklas Schandry,Becker,none,DNeasy Power Soil,500-600,0,Nextera XT,Syncom_full_random,APO,Rep_6 24h,Syncom_full_random_APO_Rep_6,ATGCGCAG,TCTCTCCG,24h,000000000-CBTKL,ATGCGCAGTCTCTCCG,Syncom_full_random_APO_Rep_6.Rep_6_24h
502,727,Metagenomics,Amplicons,Illumina,Bacterial,Niklas Schandry,Becker,none,DNeasy Power Soil,500-600,0,Nextera XT,SyncomNegative_Control,DMSO,Rep_5 24h,SyncomNegative_Control_DMSO_Rep_5,CGATCAGT,CTCTCTAT,24h,000000000-CBTKL,CGATCAGTCTCTCTAT,SyncomNegative_Control_DMSO_Rep_5.Rep_5_24h
503,727,Metagenomics,Amplicons,Illumina,Bacterial,Niklas Schandry,Becker,none,DNeasy Power Soil,500-600,0,Nextera XT,SyncomNegative_Control,DMSO,Rep_6 24h,SyncomNegative_Control_DMSO_Rep_6,CGATCAGT,TATCCTCT,24h,000000000-CBTKL,CGATCAGTTATCCTCT,SyncomNegative_Control_DMSO_Rep_6.Rep_6_24h
502,728,Metagenomics,Amplicons,Illumina,Bacterial,Niklas Schandry,Becker,none,DNeasy Power Soil,500-600,0,Nextera XT,SyncomNegative_Control,BOA,Rep_5 24h,SyncomNegative_Control_BOA_Rep_5,TGCAGCTA,CTCTCTAT,24h,000000000-CBTKL,TGCAGCTACTCTCTAT,SyncomNegative_Control_BOA_Rep_5.Rep_5_24h
503,728,Metagenomics,Amplicons,Illumina,Bacterial,Niklas Schandry,Becker,none,DNeasy Power Soil,500-600,0,Nextera XT,SyncomNegative_Control,BOA,Rep_6 24h,SyncomNegative_Control_BOA_Rep_6,TGCAGCTA,TATCCTCT,24h,000000000-CBTKL,TGCAGCTATATCCTCT,SyncomNegative_Control_BOA_Rep_6.Rep_6_24h
502,729,Metagenomics,Amplicons,Illumina,Bacterial,Niklas Schandry,Becker,none,DNeasy Power Soil,500-600,0,Nextera XT,SyncomNegative_Control,APO,Rep_5 24h,SyncomNegative_Control_APO_Rep_5,TCGACGTC,CTCTCTAT,24h,000000000-CBTKL,TCGACGTCCTCTCTAT,SyncomNegative_Control_APO_Rep_5.Rep_5_24h
503,729,Metagenomics,Amplicons,Illumina,Bacterial,Niklas Schandry,Becker,none,DNeasy Power Soil,500-600,0,Nextera XT,SyncomNegative_Control,APO,Rep_6 24h,SyncomNegative_Control_APO_Rep_6,TCGACGTC,TATCCTCT,24h,000000000-CBTKL,TCGACGTCTATCCTCT,SyncomNegative_Control_APO_Rep_6.Rep_6_24h
505,701,Metagenomics,Amplicons,Illumina,Bacterial,Niklas Schandry,Becker,none,DNeasy Power Soil,500-600,0,Nextera XT,Syncom_reduced_mixed,DMSO,Rep_1 48h,Syncom_reduced_mixed_DMSO_Rep_1,TAAGGCGA,GTAAGGAG,48h,000000000-CBY25,TAAGGCGAGTAAGGAG,Syncom_reduced_mixed_DMSO_Rep_1.Rep_1_48h
506,701,Metagenomics,Amplicons,Illumina,Bacterial,Niklas Schandry,Becker,none,DNeasy Power Soil,500-600,0,Nextera XT,Syncom_reduced_tolerant,DMSO,Rep_1 48h,Syncom_reduced_tolerant_DMSO_Rep_1,TAAGGCGA,ACTGCATA,48h,000000000-CBY25,TAAGGCGAACTGCATA,Syncom_reduced_tolerant_DMSO_Rep_1.Rep_1_48h
510,701,Metagenomics,Amplicons,Illumina,Bacterial,Niklas Schandry,Becker,none,DNeasy Power Soil,500-600,0,Nextera XT,Syncom_reduced_sensitive,DMSO,Rep_1 48h,Syncom_reduced_sensitive_DMSO_Rep_1,TAAGGCGA,CGTCTAAT,48h,000000000-CBY25,TAAGGCGACGTCTAAT,Syncom_reduced_sensitive_DMSO_Rep_1.Rep_1_48h
511,701,Metagenomics,Amplicons,Illumina,Bacterial,Niklas Schandry,Becker,none,DNeasy Power Soil,500-600,0,Nextera XT,Syncom_full_random,DMSO,Rep_1 48h,Syncom_full_random_DMSO_Rep_1,TAAGGCGA,TCTCTCCG,48h,000000000-CBY25,TAAGGCGATCTCTCCG,Syncom_full_random_DMSO_Rep_1.Rep_1_48h
505,702,Metagenomics,Amplicons,Illumina,Bacterial,Niklas Schandry,Becker,none,DNeasy Power Soil,500-600,0,Nextera XT,Syncom_reduced_mixed,BOA,Rep_1 48h,Syncom_reduced_mixed_BOA_Rep_1,CGTACTAG,GTAAGGAG,48h,000000000-CBY25,CGTACTAGGTAAGGAG,Syncom_reduced_mixed_BOA_Rep_1.Rep_1_48h
506,702,Metagenomics,Amplicons,Illumina,Bacterial,Niklas Schandry,Becker,none,DNeasy Power Soil,500-600,0,Nextera XT,Syncom_reduced_tolerant,BOA,Rep_1 48h,Syncom_reduced_tolerant_BOA_Rep_1,CGTACTAG,ACTGCATA,48h,000000000-CBY25,CGTACTAGACTGCATA,Syncom_reduced_tolerant_BOA_Rep_1.Rep_1_48h
510,702,Metagenomics,Amplicons,Illumina,Bacterial,Niklas Schandry,Becker,none,DNeasy Power Soil,500-600,0,Nextera XT,Syncom_reduced_sensitive,BOA,Rep_1 48h,Syncom_reduced_sensitive_BOA_Rep_1,CGTACTAG,CGTCTAAT,48h,000000000-CBY25,CGTACTAGCGTCTAAT,Syncom_reduced_sensitive_BOA_Rep_1.Rep_1_48h
511,702,Metagenomics,Amplicons,Illumina,Bacterial,Niklas Schandry,Becker,none,DNeasy Power Soil,500-600,0,Nextera XT,Syncom_full_random,BOA,Rep_1 48h,Syncom_full_random_BOA_Rep_1,CGTACTAG,TCTCTCCG,48h,000000000-CBY25,CGTACTAGTCTCTCCG,Syncom_full_random_BOA_Rep_1.Rep_1_48h
505,703,Metagenomics,Amplicons,Illumina,Bacterial,Niklas Schandry,Becker,none,DNeasy Power Soil,500-600,0,Nextera XT,Syncom_reduced_mixed,APO,Rep_1 48h,Syncom_reduced_mixed_APO_Rep_1,AGGCAGAA,GTAAGGAG,48h,000000000-CBY25,AGGCAGAAGTAAGGAG,Syncom_reduced_mixed_APO_Rep_1.Rep_1_48h
506,703,Metagenomics,Amplicons,Illumina,Bacterial,Niklas Schandry,Becker,none,DNeasy Power Soil,500-600,0,Nextera XT,Syncom_reduced_tolerant,APO,Rep_1 48h,Syncom_reduced_tolerant_APO_Rep_1,AGGCAGAA,ACTGCATA,48h,000000000-CBY25,AGGCAGAAACTGCATA,Syncom_reduced_tolerant_APO_Rep_1.Rep_1_48h
510,703,Metagenomics,Amplicons,Illumina,Bacterial,Niklas Schandry,Becker,none,DNeasy Power Soil,500-600,0,Nextera XT,Syncom_reduced_sensitive,APO,Rep_1 48h,Syncom_reduced_sensitive_APO_Rep_1,AGGCAGAA,CGTCTAAT,48h,000000000-CBY25,AGGCAGAACGTCTAAT,Syncom_reduced_sensitive_APO_Rep_1.Rep_1_48h
511,703,Metagenomics,Amplicons,Illumina,Bacterial,Niklas Schandry,Becker,none,DNeasy Power Soil,500-600,0,Nextera XT,Syncom_full_random,APO,Rep_1 48h,Syncom_full_random_APO_Rep_1,AGGCAGAA,TCTCTCCG,48h,000000000-CBY25,AGGCAGAATCTCTCCG,Syncom_full_random_APO_Rep_1.Rep_1_48h
505,704,Metagenomics,Amplicons,Illumina,Bacterial,Niklas Schandry,Becker,none,DNeasy Power Soil,500-600,0,Nextera XT,Syncom_reduced_mixed,DMSO,Rep_3 48h,Syncom_reduced_mixed_DMSO_Rep_3,TCCTGAGC,GTAAGGAG,48h,000000000-CBY25,TCCTGAGCGTAAGGAG,Syncom_reduced_mixed_DMSO_Rep_3.Rep_3_48h
506,704,Metagenomics,Amplicons,Illumina,Bacterial,Niklas Schandry,Becker,none,DNeasy Power Soil,500-600,0,Nextera XT,Syncom_reduced_tolerant,DMSO,Rep_3 48h,Syncom_reduced_tolerant_DMSO_Rep_3,TCCTGAGC,ACTGCATA,48h,000000000-CBY25,TCCTGAGCACTGCATA,Syncom_reduced_tolerant_DMSO_Rep_3.Rep_3_48h
510,704,Metagenomics,Amplicons,Illumina,Bacterial,Niklas Schandry,Becker,none,DNeasy Power Soil,500-600,0,Nextera XT,Syncom_reduced_sensitive,DMSO,Rep_3 48h,Syncom_reduced_sensitive_DMSO_Rep_3,TCCTGAGC,CGTCTAAT,48h,000000000-CBY25,TCCTGAGCCGTCTAAT,Syncom_reduced_sensitive_DMSO_Rep_3.Rep_3_48h
511,704,Metagenomics,Amplicons,Illumina,Bacterial,Niklas Schandry,Becker,none,DNeasy Power Soil,500-600,0,Nextera XT,Syncom_full_random,DMSO,Rep_3 48h,Syncom_full_random_DMSO_Rep_3,TCCTGAGC,TCTCTCCG,48h,000000000-CBY25,TCCTGAGCTCTCTCCG,Syncom_full_random_DMSO_Rep_3.Rep_3_48h
505,705,Metagenomics,Amplicons,Illumina,Bacterial,Niklas Schandry,Becker,none,DNeasy Power Soil,500-600,0,Nextera XT,Syncom_reduced_mixed,BOA,Rep_3 48h,Syncom_reduced_mixed_BOA_Rep_3,GGACTCCT,GTAAGGAG,48h,000000000-CBY25,GGACTCCTGTAAGGAG,Syncom_reduced_mixed_BOA_Rep_3.Rep_3_48h
506,705,Metagenomics,Amplicons,Illumina,Bacterial,Niklas Schandry,Becker,none,DNeasy Power Soil,500-600,0,Nextera XT,Syncom_reduced_tolerant,BOA,Rep_3 48h,Syncom_reduced_tolerant_BOA_Rep_3,GGACTCCT,ACTGCATA,48h,000000000-CBY25,GGACTCCTACTGCATA,Syncom_reduced_tolerant_BOA_Rep_3.Rep_3_48h
510,705,Metagenomics,Amplicons,Illumina,Bacterial,Niklas Schandry,Becker,none,DNeasy Power Soil,500-600,0,Nextera XT,Syncom_reduced_sensitive,BOA,Rep_3 48h,Syncom_reduced_sensitive_BOA_Rep_3,GGACTCCT,CGTCTAAT,48h,000000000-CBY25,GGACTCCTCGTCTAAT,Syncom_reduced_sensitive_BOA_Rep_3.Rep_3_48h
511,705,Metagenomics,Amplicons,Illumina,Bacterial,Niklas Schandry,Becker,none,DNeasy Power Soil,500-600,0,Nextera XT,Syncom_full_random,BOA,Rep_3 48h,Syncom_full_random_BOA_Rep_3,GGACTCCT,TCTCTCCG,48h,000000000-CBY25,GGACTCCTTCTCTCCG,Syncom_full_random_BOA_Rep_3.Rep_3_48h
505,706,Metagenomics,Amplicons,Illumina,Bacterial,Niklas Schandry,Becker,none,DNeasy Power Soil,500-600,0,Nextera XT,Syncom_reduced_mixed,APO,Rep_3 48h,Syncom_reduced_mixed_APO_Rep_3,TAGGCATG,GTAAGGAG,48h,000000000-CBY25,TAGGCATGGTAAGGAG,Syncom_reduced_mixed_APO_Rep_3.Rep_3_48h
506,706,Metagenomics,Amplicons,Illumina,Bacterial,Niklas Schandry,Becker,none,DNeasy Power Soil,500-600,0,Nextera XT,Syncom_reduced_tolerant,APO,Rep_3 48h,Syncom_reduced_tolerant_APO_Rep_3,TAGGCATG,ACTGCATA,48h,000000000-CBY25,TAGGCATGACTGCATA,Syncom_reduced_tolerant_APO_Rep_3.Rep_3_48h
510,706,Metagenomics,Amplicons,Illumina,Bacterial,Niklas Schandry,Becker,none,DNeasy Power Soil,500-600,0,Nextera XT,Syncom_reduced_sensitive,APO,Rep_3 48h,Syncom_reduced_sensitive_APO_Rep_3,TAGGCATG,CGTCTAAT,48h,000000000-CBY25,TAGGCATGCGTCTAAT,Syncom_reduced_sensitive_APO_Rep_3.Rep_3_48h
511,706,Metagenomics,Amplicons,Illumina,Bacterial,Niklas Schandry,Becker,none,DNeasy Power Soil,500-600,0,Nextera XT,Syncom_full_random,APO,Rep_3 48h,Syncom_full_random_APO_Rep_3,TAGGCATG,TCTCTCCG,48h,000000000-CBY25,TAGGCATGTCTCTCCG,Syncom_full_random_APO_Rep_3.Rep_3_48h
505,707,Metagenomics,Amplicons,Illumina,Bacterial,Niklas Schandry,Becker,none,DNeasy Power Soil,500-600,0,Nextera XT,Syncom_reduced_mixed,DMSO,Rep_4 48h,Syncom_reduced_mixed_DMSO_Rep_4,CTCTCTAC,GTAAGGAG,48h,000000000-CBY25,CTCTCTACGTAAGGAG,Syncom_reduced_mixed_DMSO_Rep_4.Rep_4_48h
506,707,Metagenomics,Amplicons,Illumina,Bacterial,Niklas Schandry,Becker,none,DNeasy Power Soil,500-600,0,Nextera XT,Syncom_reduced_tolerant,DMSO,Rep_4 48h,Syncom_reduced_tolerant_DMSO_Rep_4,CTCTCTAC,ACTGCATA,48h,000000000-CBY25,CTCTCTACACTGCATA,Syncom_reduced_tolerant_DMSO_Rep_4.Rep_4_48h
510,707,Metagenomics,Amplicons,Illumina,Bacterial,Niklas Schandry,Becker,none,DNeasy Power Soil,500-600,0,Nextera XT,Syncom_reduced_sensitive,DMSO,Rep_4 48h,Syncom_reduced_sensitive_DMSO_Rep_4,CTCTCTAC,CGTCTAAT,48h,000000000-CBY25,CTCTCTACCGTCTAAT,Syncom_reduced_sensitive_DMSO_Rep_4.Rep_4_48h
511,707,Metagenomics,Amplicons,Illumina,Bacterial,Niklas Schandry,Becker,none,DNeasy Power Soil,500-600,0,Nextera XT,Syncom_full_random,DMSO,Rep_4 48h,Syncom_full_random_DMSO_Rep_4,CTCTCTAC,TCTCTCCG,48h,000000000-CBY25,CTCTCTACTCTCTCCG,Syncom_full_random_DMSO_Rep_4.Rep_4_48h
505,710,Metagenomics,Amplicons,Illumina,Bacterial,Niklas Schandry,Becker,none,DNeasy Power Soil,500-600,0,Nextera XT,Syncom_reduced_mixed,BOA,Rep_4 48h,Syncom_reduced_mixed_BOA_Rep_4,CGAGGCTG,GTAAGGAG,48h,000000000-CBY25,CGAGGCTGGTAAGGAG,Syncom_reduced_mixed_BOA_Rep_4.Rep_4_48h
506,710,Metagenomics,Amplicons,Illumina,Bacterial,Niklas Schandry,Becker,none,DNeasy Power Soil,500-600,0,Nextera XT,Syncom_reduced_tolerant,BOA,Rep_4 48h,Syncom_reduced_tolerant_BOA_Rep_4,CGAGGCTG,ACTGCATA,48h,000000000-CBY25,CGAGGCTGACTGCATA,Syncom_reduced_tolerant_BOA_Rep_4.Rep_4_48h
510,710,Metagenomics,Amplicons,Illumina,Bacterial,Niklas Schandry,Becker,none,DNeasy Power Soil,500-600,0,Nextera XT,Syncom_reduced_sensitive,BOA,Rep_4 48h,Syncom_reduced_sensitive_BOA_Rep_4,CGAGGCTG,CGTCTAAT,48h,000000000-CBY25,CGAGGCTGCGTCTAAT,Syncom_reduced_sensitive_BOA_Rep_4.Rep_4_48h
511,710,Metagenomics,Amplicons,Illumina,Bacterial,Niklas Schandry,Becker,none,DNeasy Power Soil,500-600,0,Nextera XT,Syncom_full_random,BOA,Rep_4 48h,Syncom_full_random_BOA_Rep_4,CGAGGCTG,TCTCTCCG,48h,000000000-CBY25,CGAGGCTGTCTCTCCG,Syncom_full_random_BOA_Rep_4.Rep_4_48h
505,711,Metagenomics,Amplicons,Illumina,Bacterial,Niklas Schandry,Becker,none,DNeasy Power Soil,500-600,0,Nextera XT,Syncom_reduced_mixed,APO,Rep_4 48h,Syncom_reduced_mixed_APO_Rep_4,AAGAGGCA,GTAAGGAG,48h,000000000-CBY25,AAGAGGCAGTAAGGAG,Syncom_reduced_mixed_APO_Rep_4.Rep_4_48h
506,711,Metagenomics,Amplicons,Illumina,Bacterial,Niklas Schandry,Becker,none,DNeasy Power Soil,500-600,0,Nextera XT,Syncom_reduced_tolerant,APO,Rep_4 48h,Syncom_reduced_tolerant_APO_Rep_4,AAGAGGCA,ACTGCATA,48h,000000000-CBY25,AAGAGGCAACTGCATA,Syncom_reduced_tolerant_APO_Rep_4.Rep_4_48h
510,711,Metagenomics,Amplicons,Illumina,Bacterial,Niklas Schandry,Becker,none,DNeasy Power Soil,500-600,0,Nextera XT,Syncom_reduced_sensitive,APO,Rep_4 48h,Syncom_reduced_sensitive_APO_Rep_4,AAGAGGCA,CGTCTAAT,48h,000000000-CBY25,AAGAGGCACGTCTAAT,Syncom_reduced_sensitive_APO_Rep_4.Rep_4_48h
511,711,Metagenomics,Amplicons,Illumina,Bacterial,Niklas Schandry,Becker,none,DNeasy Power Soil,500-600,0,Nextera XT,Syncom_full_random,APO,Rep_4 48h,Syncom_full_random_APO_Rep_4,AAGAGGCA,TCTCTCCG,48h,000000000-CBY25,AAGAGGCATCTCTCCG,Syncom_full_random_APO_Rep_4.Rep_4_48h
502,712,Metagenomics,Amplicons,Illumina,Bacterial,Niklas Schandry,Becker,none,DNeasy Power Soil,500-600,0,Nextera XT,SyncomNegative_Control,DMSO,Rep_1 48h,SyncomNegative_Control_DMSO_Rep_1,GTAGAGGA,CTCTCTAT,48h,000000000-CBY25,GTAGAGGACTCTCTAT,SyncomNegative_Control_DMSO_Rep_1.Rep_1_48h
503,712,Metagenomics,Amplicons,Illumina,Bacterial,Niklas Schandry,Becker,none,DNeasy Power Soil,500-600,0,Nextera XT,SyncomNegative_Control,DMSO,Rep_3 48h,SyncomNegative_Control_DMSO_Rep_3,GTAGAGGA,TATCCTCT,48h,000000000-CBY25,GTAGAGGATATCCTCT,SyncomNegative_Control_DMSO_Rep_3.Rep_3_48h
505,712,Metagenomics,Amplicons,Illumina,Bacterial,Niklas Schandry,Becker,none,DNeasy Power Soil,500-600,0,Nextera XT,SyncomNegative_Control,DMSO,Rep_4 48h,SyncomNegative_Control_DMSO_Rep_4,GTAGAGGA,GTAAGGAG,48h,000000000-CBY25,GTAGAGGAGTAAGGAG,SyncomNegative_Control_DMSO_Rep_4.Rep_4_48h
502,714,Metagenomics,Amplicons,Illumina,Bacterial,Niklas Schandry,Becker,none,DNeasy Power Soil,500-600,0,Nextera XT,SyncomNegative_Control,BOA,Rep_1 48h,SyncomNegative_Control_BOA_Rep_1,GCTCATGA,CTCTCTAT,48h,000000000-CBY25,GCTCATGACTCTCTAT,SyncomNegative_Control_BOA_Rep_1.Rep_1_48h
503,714,Metagenomics,Amplicons,Illumina,Bacterial,Niklas Schandry,Becker,none,DNeasy Power Soil,500-600,0,Nextera XT,SyncomNegative_Control,BOA,Rep_3 48h,SyncomNegative_Control_BOA_Rep_3,GCTCATGA,TATCCTCT,48h,000000000-CBY25,GCTCATGATATCCTCT,SyncomNegative_Control_BOA_Rep_3.Rep_3_48h
505,714,Metagenomics,Amplicons,Illumina,Bacterial,Niklas Schandry,Becker,none,DNeasy Power Soil,500-600,0,Nextera XT,SyncomNegative_Control,BOA,Rep_4 48h,SyncomNegative_Control_BOA_Rep_4,GCTCATGA,GTAAGGAG,48h,000000000-CBY25,GCTCATGAGTAAGGAG,SyncomNegative_Control_BOA_Rep_4.Rep_4_48h
502,715,Metagenomics,Amplicons,Illumina,Bacterial,Niklas Schandry,Becker,none,DNeasy Power Soil,500-600,0,Nextera XT,SyncomNegative_Control,APO,Rep_1 48h,SyncomNegative_Control_APO_Rep_1,ATCTCAGG,CTCTCTAT,48h,000000000-CBY25,ATCTCAGGCTCTCTAT,SyncomNegative_Control_APO_Rep_1.Rep_1_48h
503,715,Metagenomics,Amplicons,Illumina,Bacterial,Niklas Schandry,Becker,none,DNeasy Power Soil,500-600,0,Nextera XT,SyncomNegative_Control,APO,Rep_3 48h,SyncomNegative_Control_APO_Rep_3,ATCTCAGG,TATCCTCT,48h,000000000-CBY25,ATCTCAGGTATCCTCT,SyncomNegative_Control_APO_Rep_3.Rep_3_48h
505,715,Metagenomics,Amplicons,Illumina,Bacterial,Niklas Schandry,Becker,none,DNeasy Power Soil,500-600,0,Nextera XT,SyncomNegative_Control,APO,Rep_4 48h,SyncomNegative_Control_APO_Rep_4,ATCTCAGG,GTAAGGAG,48h,000000000-CBY25,ATCTCAGGGTAAGGAG,SyncomNegative_Control_APO_Rep_4.Rep_4_48h
505,716,Metagenomics,Amplicons,Illumina,Bacterial,Niklas Schandry,Becker,none,DNeasy Power Soil,500-600,0,Nextera XT,Syncom_reduced_mixed,DMSO,Rep_5 48h,Syncom_reduced_mixed_DMSO_Rep_5,ACTCGCTA,GTAAGGAG,48h,000000000-CBY25,ACTCGCTAGTAAGGAG,Syncom_reduced_mixed_DMSO_Rep_5.Rep_5_48h
506,716,Metagenomics,Amplicons,Illumina,Bacterial,Niklas Schandry,Becker,none,DNeasy Power Soil,500-600,0,Nextera XT,Syncom_reduced_tolerant,DMSO,Rep_5 48h,Syncom_reduced_tolerant_DMSO_Rep_5,ACTCGCTA,ACTGCATA,48h,000000000-CBY25,ACTCGCTAACTGCATA,Syncom_reduced_tolerant_DMSO_Rep_5.Rep_5_48h
510,716,Metagenomics,Amplicons,Illumina,Bacterial,Niklas Schandry,Becker,none,DNeasy Power Soil,500-600,0,Nextera XT,Syncom_reduced_sensitive,DMSO,Rep_5 48h,Syncom_reduced_sensitive_DMSO_Rep_5,ACTCGCTA,CGTCTAAT,48h,000000000-CBY25,ACTCGCTACGTCTAAT,Syncom_reduced_sensitive_DMSO_Rep_5.Rep_5_48h
511,716,Metagenomics,Amplicons,Illumina,Bacterial,Niklas Schandry,Becker,none,DNeasy Power Soil,500-600,0,Nextera XT,Syncom_full_random,DMSO,Rep_5 48h,Syncom_full_random_DMSO_Rep_5,ACTCGCTA,TCTCTCCG,48h,000000000-CBY25,ACTCGCTATCTCTCCG,Syncom_full_random_DMSO_Rep_5.Rep_5_48h
505,718,Metagenomics,Amplicons,Illumina,Bacterial,Niklas Schandry,Becker,none,DNeasy Power Soil,500-600,0,Nextera XT,Syncom_reduced_mixed,BOA,Rep_5 48h,Syncom_reduced_mixed_BOA_Rep_5,GGAGCTAC,GTAAGGAG,48h,000000000-CBY25,GGAGCTACGTAAGGAG,Syncom_reduced_mixed_BOA_Rep_5.Rep_5_48h
506,718,Metagenomics,Amplicons,Illumina,Bacterial,Niklas Schandry,Becker,none,DNeasy Power Soil,500-600,0,Nextera XT,Syncom_reduced_tolerant,BOA,Rep_5 48h,Syncom_reduced_tolerant_BOA_Rep_5,GGAGCTAC,ACTGCATA,48h,000000000-CBY25,GGAGCTACACTGCATA,Syncom_reduced_tolerant_BOA_Rep_5.Rep_5_48h
510,718,Metagenomics,Amplicons,Illumina,Bacterial,Niklas Schandry,Becker,none,DNeasy Power Soil,500-600,0,Nextera XT,Syncom_reduced_sensitive,BOA,Rep_5 48h,Syncom_reduced_sensitive_BOA_Rep_5,GGAGCTAC,CGTCTAAT,48h,000000000-CBY25,GGAGCTACCGTCTAAT,Syncom_reduced_sensitive_BOA_Rep_5.Rep_5_48h
511,718,Metagenomics,Amplicons,Illumina,Bacterial,Niklas Schandry,Becker,none,DNeasy Power Soil,500-600,0,Nextera XT,Syncom_full_random,BOA,Rep_5 48h,Syncom_full_random_BOA_Rep_5,GGAGCTAC,TCTCTCCG,48h,000000000-CBY25,GGAGCTACTCTCTCCG,Syncom_full_random_BOA_Rep_5.Rep_5_48h
505,719,Metagenomics,Amplicons,Illumina,Bacterial,Niklas Schandry,Becker,none,DNeasy Power Soil,500-600,0,Nextera XT,Syncom_reduced_mixed,APO,Rep_5 48h,Syncom_reduced_mixed_APO_Rep_5,GCGTAGTA,GTAAGGAG,48h,000000000-CBY25,GCGTAGTAGTAAGGAG,Syncom_reduced_mixed_APO_Rep_5.Rep_5_48h
506,719,Metagenomics,Amplicons,Illumina,Bacterial,Niklas Schandry,Becker,none,DNeasy Power Soil,500-600,0,Nextera XT,Syncom_reduced_tolerant,APO,Rep_5 48h,Syncom_reduced_tolerant_APO_Rep_5,GCGTAGTA,ACTGCATA,48h,000000000-CBY25,GCGTAGTAACTGCATA,Syncom_reduced_tolerant_APO_Rep_5.Rep_5_48h
510,719,Metagenomics,Amplicons,Illumina,Bacterial,Niklas Schandry,Becker,none,DNeasy Power Soil,500-600,0,Nextera XT,Syncom_reduced_sensitive,APO,Rep_5 48h,Syncom_reduced_sensitive_APO_Rep_5,GCGTAGTA,CGTCTAAT,48h,000000000-CBY25,GCGTAGTACGTCTAAT,Syncom_reduced_sensitive_APO_Rep_5.Rep_5_48h
511,719,Metagenomics,Amplicons,Illumina,Bacterial,Niklas Schandry,Becker,none,DNeasy Power Soil,500-600,0,Nextera XT,Syncom_full_random,APO,Rep_5 48h,Syncom_full_random_APO_Rep_5,GCGTAGTA,TCTCTCCG,48h,000000000-CBY25,GCGTAGTATCTCTCCG,Syncom_full_random_APO_Rep_5.Rep_5_48h
505,720,Metagenomics,Amplicons,Illumina,Bacterial,Niklas Schandry,Becker,none,DNeasy Power Soil,500-600,0,Nextera XT,Syncom_reduced_mixed,DMSO,Rep_6 48h,Syncom_reduced_mixed_DMSO_Rep_6,CGGAGCCT,GTAAGGAG,48h,000000000-CBY25,CGGAGCCTGTAAGGAG,Syncom_reduced_mixed_DMSO_Rep_6.Rep_6_48h
506,720,Metagenomics,Amplicons,Illumina,Bacterial,Niklas Schandry,Becker,none,DNeasy Power Soil,500-600,0,Nextera XT,Syncom_reduced_tolerant,DMSO,Rep_6 48h,Syncom_reduced_tolerant_DMSO_Rep_6,CGGAGCCT,ACTGCATA,48h,000000000-CBY25,CGGAGCCTACTGCATA,Syncom_reduced_tolerant_DMSO_Rep_6.Rep_6_48h
510,720,Metagenomics,Amplicons,Illumina,Bacterial,Niklas Schandry,Becker,none,DNeasy Power Soil,500-600,0,Nextera XT,Syncom_reduced_sensitive,DMSO,Rep_6 48h,Syncom_reduced_sensitive_DMSO_Rep_6,CGGAGCCT,CGTCTAAT,48h,000000000-CBY25,CGGAGCCTCGTCTAAT,Syncom_reduced_sensitive_DMSO_Rep_6.Rep_6_48h
511,720,Metagenomics,Amplicons,Illumina,Bacterial,Niklas Schandry,Becker,none,DNeasy Power Soil,500-600,0,Nextera XT,Syncom_full_random,DMSO,Rep_6 48h,Syncom_full_random_DMSO_Rep_6,CGGAGCCT,TCTCTCCG,48h,000000000-CBY25,CGGAGCCTTCTCTCCG,Syncom_full_random_DMSO_Rep_6.Rep_6_48h
505,721,Metagenomics,Amplicons,Illumina,Bacterial,Niklas Schandry,Becker,none,DNeasy Power Soil,500-600,0,Nextera XT,Syncom_reduced_mixed,BOA,Rep_6 48h,Syncom_reduced_mixed_BOA_Rep_6,TACGCTGC,GTAAGGAG,48h,000000000-CBY25,TACGCTGCGTAAGGAG,Syncom_reduced_mixed_BOA_Rep_6.Rep_6_48h
506,721,Metagenomics,Amplicons,Illumina,Bacterial,Niklas Schandry,Becker,none,DNeasy Power Soil,500-600,0,Nextera XT,Syncom_reduced_tolerant,BOA,Rep_6 48h,Syncom_reduced_tolerant_BOA_Rep_6,TACGCTGC,ACTGCATA,48h,000000000-CBY25,TACGCTGCACTGCATA,Syncom_reduced_tolerant_BOA_Rep_6.Rep_6_48h
510,721,Metagenomics,Amplicons,Illumina,Bacterial,Niklas Schandry,Becker,none,DNeasy Power Soil,500-600,0,Nextera XT,Syncom_reduced_sensitive,BOA,Rep_6 48h,Syncom_reduced_sensitive_BOA_Rep_6,TACGCTGC,CGTCTAAT,48h,000000000-CBY25,TACGCTGCCGTCTAAT,Syncom_reduced_sensitive_BOA_Rep_6.Rep_6_48h
511,721,Metagenomics,Amplicons,Illumina,Bacterial,Niklas Schandry,Becker,none,DNeasy Power Soil,500-600,0,Nextera XT,Syncom_full_random,BOA,Rep_6 48h,Syncom_full_random_BOA_Rep_6,TACGCTGC,TCTCTCCG,48h,000000000-CBY25,TACGCTGCTCTCTCCG,Syncom_full_random_BOA_Rep_6.Rep_6_48h
505,722,Metagenomics,Amplicons,Illumina,Bacterial,Niklas Schandry,Becker,none,DNeasy Power Soil,500-600,0,Nextera XT,Syncom_reduced_mixed,APO,Rep_6 48h,Syncom_reduced_mixed_APO_Rep_6,ATGCGCAG,GTAAGGAG,48h,000000000-CBY25,ATGCGCAGGTAAGGAG,Syncom_reduced_mixed_APO_Rep_6.Rep_6_48h
506,722,Metagenomics,Amplicons,Illumina,Bacterial,Niklas Schandry,Becker,none,DNeasy Power Soil,500-600,0,Nextera XT,Syncom_reduced_tolerant,APO,Rep_6 48h,Syncom_reduced_tolerant_APO_Rep_6,ATGCGCAG,ACTGCATA,48h,000000000-CBY25,ATGCGCAGACTGCATA,Syncom_reduced_tolerant_APO_Rep_6.Rep_6_48h
510,722,Metagenomics,Amplicons,Illumina,Bacterial,Niklas Schandry,Becker,none,DNeasy Power Soil,500-600,0,Nextera XT,Syncom_reduced_sensitive,APO,Rep_6 48h,Syncom_reduced_sensitive_APO_Rep_6,ATGCGCAG,CGTCTAAT,48h,000000000-CBY25,ATGCGCAGCGTCTAAT,Syncom_reduced_sensitive_APO_Rep_6.Rep_6_48h
511,722,Metagenomics,Amplicons,Illumina,Bacterial,Niklas Schandry,Becker,none,DNeasy Power Soil,500-600,0,Nextera XT,Syncom_full_random,APO,Rep_6 48h,Syncom_full_random_APO_Rep_6,ATGCGCAG,TCTCTCCG,48h,000000000-CBY25,ATGCGCAGTCTCTCCG,Syncom_full_random_APO_Rep_6.Rep_6_48h
502,727,Metagenomics,Amplicons,Illumina,Bacterial,Niklas Schandry,Becker,none,DNeasy Power Soil,500-600,0,Nextera XT,SyncomNegative_Control,DMSO,Rep_5 48h,SyncomNegative_Control_DMSO_Rep_5,CGATCAGT,CTCTCTAT,48h,000000000-CBY25,CGATCAGTCTCTCTAT,SyncomNegative_Control_DMSO_Rep_5.Rep_5_48h
503,727,Metagenomics,Amplicons,Illumina,Bacterial,Niklas Schandry,Becker,none,DNeasy Power Soil,500-600,0,Nextera XT,SyncomNegative_Control,DMSO,Rep_6 48h,SyncomNegative_Control_DMSO_Rep_6,CGATCAGT,TATCCTCT,48h,000000000-CBY25,CGATCAGTTATCCTCT,SyncomNegative_Control_DMSO_Rep_6.Rep_6_48h
502,728,Metagenomics,Amplicons,Illumina,Bacterial,Niklas Schandry,Becker,none,DNeasy Power Soil,500-600,0,Nextera XT,SyncomNegative_Control,BOA,Rep_5 48h,SyncomNegative_Control_BOA_Rep_5,TGCAGCTA,CTCTCTAT,48h,000000000-CBY25,TGCAGCTACTCTCTAT,SyncomNegative_Control_BOA_Rep_5.Rep_5_48h
503,728,Metagenomics,Amplicons,Illumina,Bacterial,Niklas Schandry,Becker,none,DNeasy Power Soil,500-600,0,Nextera XT,SyncomNegative_Control,BOA,Rep_6 48h,SyncomNegative_Control_BOA_Rep_6,TGCAGCTA,TATCCTCT,48h,000000000-CBY25,TGCAGCTATATCCTCT,SyncomNegative_Control_BOA_Rep_6.Rep_6_48h
502,729,Metagenomics,Amplicons,Illumina,Bacterial,Niklas Schandry,Becker,none,DNeasy Power Soil,500-600,0,Nextera XT,SyncomNegative_Control,APO,Rep_5 48h,SyncomNegative_Control_APO_Rep_5,TCGACGTC,CTCTCTAT,48h,000000000-CBY25,TCGACGTCCTCTCTAT,SyncomNegative_Control_APO_Rep_5.Rep_5_48h
503,729,Metagenomics,Amplicons,Illumina,Bacterial,Niklas Schandry,Becker,none,DNeasy Power Soil,500-600,0,Nextera XT,SyncomNegative_Control,APO,Rep_6 48h,SyncomNegative_Control_APO_Rep_6,TCGACGTC,TATCCTCT,48h,000000000-CBY25,TCGACGTCTATCCTCT,SyncomNegative_Control_APO_Rep_6.Rep_6_48h
505,701,Metagenomics,Amplicons,Illumina,Bacterial,Niklas Schandry,Becker,none,DNeasy Power Soil,500-600,0,Nextera XT,Syncom_reduced_mixed,DMSO,Rep_1 72h,Syncom_reduced_mixed_DMSO_Rep_1,TAAGGCGA,GTAAGGAG,72h,000000000-CCGMP,TAAGGCGAGTAAGGAG,Syncom_reduced_mixed_DMSO_Rep_1.Rep_1_72h
506,701,Metagenomics,Amplicons,Illumina,Bacterial,Niklas Schandry,Becker,none,DNeasy Power Soil,500-600,0,Nextera XT,Syncom_reduced_tolerant,DMSO,Rep_1 72h,Syncom_reduced_tolerant_DMSO_Rep_1,TAAGGCGA,ACTGCATA,72h,000000000-CCGMP,TAAGGCGAACTGCATA,Syncom_reduced_tolerant_DMSO_Rep_1.Rep_1_72h
510,701,Metagenomics,Amplicons,Illumina,Bacterial,Niklas Schandry,Becker,none,DNeasy Power Soil,500-600,0,Nextera XT,Syncom_reduced_sensitive,DMSO,Rep_1 72h,Syncom_reduced_sensitive_DMSO_Rep_1,TAAGGCGA,CGTCTAAT,72h,000000000-CCGMP,TAAGGCGACGTCTAAT,Syncom_reduced_sensitive_DMSO_Rep_1.Rep_1_72h
511,701,Metagenomics,Amplicons,Illumina,Bacterial,Niklas Schandry,Becker,none,DNeasy Power Soil,500-600,0,Nextera XT,Syncom_full_random,DMSO,Rep_1 72h,Syncom_full_random_DMSO_Rep_1,TAAGGCGA,TCTCTCCG,72h,000000000-CCGMP,TAAGGCGATCTCTCCG,Syncom_full_random_DMSO_Rep_1.Rep_1_72h
505,702,Metagenomics,Amplicons,Illumina,Bacterial,Niklas Schandry,Becker,none,DNeasy Power Soil,500-600,0,Nextera XT,Syncom_reduced_mixed,BOA,Rep_1 72h,Syncom_reduced_mixed_BOA_Rep_1,CGTACTAG,GTAAGGAG,72h,000000000-CCGMP,CGTACTAGGTAAGGAG,Syncom_reduced_mixed_BOA_Rep_1.Rep_1_72h
506,702,Metagenomics,Amplicons,Illumina,Bacterial,Niklas Schandry,Becker,none,DNeasy Power Soil,500-600,0,Nextera XT,Syncom_reduced_tolerant,BOA,Rep_1 72h,Syncom_reduced_tolerant_BOA_Rep_1,CGTACTAG,ACTGCATA,72h,000000000-CCGMP,CGTACTAGACTGCATA,Syncom_reduced_tolerant_BOA_Rep_1.Rep_1_72h
510,702,Metagenomics,Amplicons,Illumina,Bacterial,Niklas Schandry,Becker,none,DNeasy Power Soil,500-600,0,Nextera XT,Syncom_reduced_sensitive,BOA,Rep_1 72h,Syncom_reduced_sensitive_BOA_Rep_1,CGTACTAG,CGTCTAAT,72h,000000000-CCGMP,CGTACTAGCGTCTAAT,Syncom_reduced_sensitive_BOA_Rep_1.Rep_1_72h
511,702,Metagenomics,Amplicons,Illumina,Bacterial,Niklas Schandry,Becker,none,DNeasy Power Soil,500-600,0,Nextera XT,Syncom_full_random,BOA,Rep_1 72h,Syncom_full_random_BOA_Rep_1,CGTACTAG,TCTCTCCG,72h,000000000-CCGMP,CGTACTAGTCTCTCCG,Syncom_full_random_BOA_Rep_1.Rep_1_72h
505,703,Metagenomics,Amplicons,Illumina,Bacterial,Niklas Schandry,Becker,none,DNeasy Power Soil,500-600,0,Nextera XT,Syncom_reduced_mixed,APO,Rep_1 72h,Syncom_reduced_mixed_APO_Rep_1,AGGCAGAA,GTAAGGAG,72h,000000000-CCGMP,AGGCAGAAGTAAGGAG,Syncom_reduced_mixed_APO_Rep_1.Rep_1_72h
506,703,Metagenomics,Amplicons,Illumina,Bacterial,Niklas Schandry,Becker,none,DNeasy Power Soil,500-600,0,Nextera XT,Syncom_reduced_tolerant,APO,Rep_1 72h,Syncom_reduced_tolerant_APO_Rep_1,AGGCAGAA,ACTGCATA,72h,000000000-CCGMP,AGGCAGAAACTGCATA,Syncom_reduced_tolerant_APO_Rep_1.Rep_1_72h
510,703,Metagenomics,Amplicons,Illumina,Bacterial,Niklas Schandry,Becker,none,DNeasy Power Soil,500-600,0,Nextera XT,Syncom_reduced_sensitive,APO,Rep_1 72h,Syncom_reduced_sensitive_APO_Rep_1,AGGCAGAA,CGTCTAAT,72h,000000000-CCGMP,AGGCAGAACGTCTAAT,Syncom_reduced_sensitive_APO_Rep_1.Rep_1_72h
511,703,Metagenomics,Amplicons,Illumina,Bacterial,Niklas Schandry,Becker,none,DNeasy Power Soil,500-600,0,Nextera XT,Syncom_full_random,APO,Rep_1 72h,Syncom_full_random_APO_Rep_1,AGGCAGAA,TCTCTCCG,72h,000000000-CCGMP,AGGCAGAATCTCTCCG,Syncom_full_random_APO_Rep_1.Rep_1_72h
505,704,Metagenomics,Amplicons,Illumina,Bacterial,Niklas Schandry,Becker,none,DNeasy Power Soil,500-600,0,Nextera XT,Syncom_reduced_mixed,DMSO,Rep_3 72h,Syncom_reduced_mixed_DMSO_Rep_3,TCCTGAGC,GTAAGGAG,72h,000000000-CCGMP,TCCTGAGCGTAAGGAG,Syncom_reduced_mixed_DMSO_Rep_3.Rep_3_72h
506,704,Metagenomics,Amplicons,Illumina,Bacterial,Niklas Schandry,Becker,none,DNeasy Power Soil,500-600,0,Nextera XT,Syncom_reduced_tolerant,DMSO,Rep_3 72h,Syncom_reduced_tolerant_DMSO_Rep_3,TCCTGAGC,ACTGCATA,72h,000000000-CCGMP,TCCTGAGCACTGCATA,Syncom_reduced_tolerant_DMSO_Rep_3.Rep_3_72h
510,704,Metagenomics,Amplicons,Illumina,Bacterial,Niklas Schandry,Becker,none,DNeasy Power Soil,500-600,0,Nextera XT,Syncom_reduced_sensitive,DMSO,Rep_3 72h,Syncom_reduced_sensitive_DMSO_Rep_3,TCCTGAGC,CGTCTAAT,72h,000000000-CCGMP,TCCTGAGCCGTCTAAT,Syncom_reduced_sensitive_DMSO_Rep_3.Rep_3_72h
511,704,Metagenomics,Amplicons,Illumina,Bacterial,Niklas Schandry,Becker,none,DNeasy Power Soil,500-600,0,Nextera XT,Syncom_full_random,DMSO,Rep_3 72h,Syncom_full_random_DMSO_Rep_3,TCCTGAGC,TCTCTCCG,72h,000000000-CCGMP,TCCTGAGCTCTCTCCG,Syncom_full_random_DMSO_Rep_3.Rep_3_72h
505,705,Metagenomics,Amplicons,Illumina,Bacterial,Niklas Schandry,Becker,none,DNeasy Power Soil,500-600,0,Nextera XT,Syncom_reduced_mixed,BOA,Rep_3 72h,Syncom_reduced_mixed_BOA_Rep_3,GGACTCCT,GTAAGGAG,72h,000000000-CCGMP,GGACTCCTGTAAGGAG,Syncom_reduced_mixed_BOA_Rep_3.Rep_3_72h
506,705,Metagenomics,Amplicons,Illumina,Bacterial,Niklas Schandry,Becker,none,DNeasy Power Soil,500-600,0,Nextera XT,Syncom_reduced_tolerant,BOA,Rep_3 72h,Syncom_reduced_tolerant_BOA_Rep_3,GGACTCCT,ACTGCATA,72h,000000000-CCGMP,GGACTCCTACTGCATA,Syncom_reduced_tolerant_BOA_Rep_3.Rep_3_72h
510,705,Metagenomics,Amplicons,Illumina,Bacterial,Niklas Schandry,Becker,none,DNeasy Power Soil,500-600,0,Nextera XT,Syncom_reduced_sensitive,BOA,Rep_3 72h,Syncom_reduced_sensitive_BOA_Rep_3,GGACTCCT,CGTCTAAT,72h,000000000-CCGMP,GGACTCCTCGTCTAAT,Syncom_reduced_sensitive_BOA_Rep_3.Rep_3_72h
511,705,Metagenomics,Amplicons,Illumina,Bacterial,Niklas Schandry,Becker,none,DNeasy Power Soil,500-600,0,Nextera XT,Syncom_full_random,BOA,Rep_3 72h,Syncom_full_random_BOA_Rep_3,GGACTCCT,TCTCTCCG,72h,000000000-CCGMP,GGACTCCTTCTCTCCG,Syncom_full_random_BOA_Rep_3.Rep_3_72h
505,706,Metagenomics,Amplicons,Illumina,Bacterial,Niklas Schandry,Becker,none,DNeasy Power Soil,500-600,0,Nextera XT,Syncom_reduced_mixed,APO,Rep_3 72h,Syncom_reduced_mixed_APO_Rep_3,TAGGCATG,GTAAGGAG,72h,000000000-CCGMP,TAGGCATGGTAAGGAG,Syncom_reduced_mixed_APO_Rep_3.Rep_3_72h
506,706,Metagenomics,Amplicons,Illumina,Bacterial,Niklas Schandry,Becker,none,DNeasy Power Soil,500-600,0,Nextera XT,Syncom_reduced_tolerant,APO,Rep_3 72h,Syncom_reduced_tolerant_APO_Rep_3,TAGGCATG,ACTGCATA,72h,000000000-CCGMP,TAGGCATGACTGCATA,Syncom_reduced_tolerant_APO_Rep_3.Rep_3_72h
510,706,Metagenomics,Amplicons,Illumina,Bacterial,Niklas Schandry,Becker,none,DNeasy Power Soil,500-600,0,Nextera XT,Syncom_reduced_sensitive,APO,Rep_3 72h,Syncom_reduced_sensitive_APO_Rep_3,TAGGCATG,CGTCTAAT,72h,000000000-CCGMP,TAGGCATGCGTCTAAT,Syncom_reduced_sensitive_APO_Rep_3.Rep_3_72h
511,706,Metagenomics,Amplicons,Illumina,Bacterial,Niklas Schandry,Becker,none,DNeasy Power Soil,500-600,0,Nextera XT,Syncom_full_random,APO,Rep_3 72h,Syncom_full_random_APO_Rep_3,TAGGCATG,TCTCTCCG,72h,000000000-CCGMP,TAGGCATGTCTCTCCG,Syncom_full_random_APO_Rep_3.Rep_3_72h
505,707,Metagenomics,Amplicons,Illumina,Bacterial,Niklas Schandry,Becker,none,DNeasy Power Soil,500-600,0,Nextera XT,Syncom_reduced_mixed,DMSO,Rep_4 72h,Syncom_reduced_mixed_DMSO_Rep_4,CTCTCTAC,GTAAGGAG,72h,000000000-CCGMP,CTCTCTACGTAAGGAG,Syncom_reduced_mixed_DMSO_Rep_4.Rep_4_72h
506,707,Metagenomics,Amplicons,Illumina,Bacterial,Niklas Schandry,Becker,none,DNeasy Power Soil,500-600,0,Nextera XT,Syncom_reduced_tolerant,DMSO,Rep_4 72h,Syncom_reduced_tolerant_DMSO_Rep_4,CTCTCTAC,ACTGCATA,72h,000000000-CCGMP,CTCTCTACACTGCATA,Syncom_reduced_tolerant_DMSO_Rep_4.Rep_4_72h
510,707,Metagenomics,Amplicons,Illumina,Bacterial,Niklas Schandry,Becker,none,DNeasy Power Soil,500-600,0,Nextera XT,Syncom_reduced_sensitive,DMSO,Rep_4 72h,Syncom_reduced_sensitive_DMSO_Rep_4,CTCTCTAC,CGTCTAAT,72h,000000000-CCGMP,CTCTCTACCGTCTAAT,Syncom_reduced_sensitive_DMSO_Rep_4.Rep_4_72h
511,707,Metagenomics,Amplicons,Illumina,Bacterial,Niklas Schandry,Becker,none,DNeasy Power Soil,500-600,0,Nextera XT,Syncom_full_random,DMSO,Rep_4 72h,Syncom_full_random_DMSO_Rep_4,CTCTCTAC,TCTCTCCG,72h,000000000-CCGMP,CTCTCTACTCTCTCCG,Syncom_full_random_DMSO_Rep_4.Rep_4_72h
505,710,Metagenomics,Amplicons,Illumina,Bacterial,Niklas Schandry,Becker,none,DNeasy Power Soil,500-600,0,Nextera XT,Syncom_reduced_mixed,BOA,Rep_4 72h,Syncom_reduced_mixed_BOA_Rep_4,CGAGGCTG,GTAAGGAG,72h,000000000-CCGMP,CGAGGCTGGTAAGGAG,Syncom_reduced_mixed_BOA_Rep_4.Rep_4_72h
506,710,Metagenomics,Amplicons,Illumina,Bacterial,Niklas Schandry,Becker,none,DNeasy Power Soil,500-600,0,Nextera XT,Syncom_reduced_tolerant,BOA,Rep_4 72h,Syncom_reduced_tolerant_BOA_Rep_4,CGAGGCTG,ACTGCATA,72h,000000000-CCGMP,CGAGGCTGACTGCATA,Syncom_reduced_tolerant_BOA_Rep_4.Rep_4_72h
510,710,Metagenomics,Amplicons,Illumina,Bacterial,Niklas Schandry,Becker,none,DNeasy Power Soil,500-600,0,Nextera XT,Syncom_reduced_sensitive,BOA,Rep_4 72h,Syncom_reduced_sensitive_BOA_Rep_4,CGAGGCTG,CGTCTAAT,72h,000000000-CCGMP,CGAGGCTGCGTCTAAT,Syncom_reduced_sensitive_BOA_Rep_4.Rep_4_72h
511,710,Metagenomics,Amplicons,Illumina,Bacterial,Niklas Schandry,Becker,none,DNeasy Power Soil,500-600,0,Nextera XT,Syncom_full_random,BOA,Rep_4 72h,Syncom_full_random_BOA_Rep_4,CGAGGCTG,TCTCTCCG,72h,000000000-CCGMP,CGAGGCTGTCTCTCCG,Syncom_full_random_BOA_Rep_4.Rep_4_72h
505,711,Metagenomics,Amplicons,Illumina,Bacterial,Niklas Schandry,Becker,none,DNeasy Power Soil,500-600,0,Nextera XT,Syncom_reduced_mixed,APO,Rep_4 72h,Syncom_reduced_mixed_APO_Rep_4,AAGAGGCA,GTAAGGAG,72h,000000000-CCGMP,AAGAGGCAGTAAGGAG,Syncom_reduced_mixed_APO_Rep_4.Rep_4_72h
506,711,Metagenomics,Amplicons,Illumina,Bacterial,Niklas Schandry,Becker,none,DNeasy Power Soil,500-600,0,Nextera XT,Syncom_reduced_tolerant,APO,Rep_4 72h,Syncom_reduced_tolerant_APO_Rep_4,AAGAGGCA,ACTGCATA,72h,000000000-CCGMP,AAGAGGCAACTGCATA,Syncom_reduced_tolerant_APO_Rep_4.Rep_4_72h
510,711,Metagenomics,Amplicons,Illumina,Bacterial,Niklas Schandry,Becker,none,DNeasy Power Soil,500-600,0,Nextera XT,Syncom_reduced_sensitive,APO,Rep_4 72h,Syncom_reduced_sensitive_APO_Rep_4,AAGAGGCA,CGTCTAAT,72h,000000000-CCGMP,AAGAGGCACGTCTAAT,Syncom_reduced_sensitive_APO_Rep_4.Rep_4_72h
511,711,Metagenomics,Amplicons,Illumina,Bacterial,Niklas Schandry,Becker,none,DNeasy Power Soil,500-600,0,Nextera XT,Syncom_full_random,APO,Rep_4 72h,Syncom_full_random_APO_Rep_4,AAGAGGCA,TCTCTCCG,72h,000000000-CCGMP,AAGAGGCATCTCTCCG,Syncom_full_random_APO_Rep_4.Rep_4_72h
502,712,Metagenomics,Amplicons,Illumina,Bacterial,Niklas Schandry,Becker,none,DNeasy Power Soil,500-600,0,Nextera XT,SyncomNegative_Control,DMSO,Rep_1 72h,SyncomNegative_Control_DMSO_Rep_1,GTAGAGGA,CTCTCTAT,72h,000000000-CCGMP,GTAGAGGACTCTCTAT,SyncomNegative_Control_DMSO_Rep_1.Rep_1_72h
503,712,Metagenomics,Amplicons,Illumina,Bacterial,Niklas Schandry,Becker,none,DNeasy Power Soil,500-600,0,Nextera XT,SyncomNegative_Control,DMSO,Rep_3 72h,SyncomNegative_Control_DMSO_Rep_3,GTAGAGGA,TATCCTCT,72h,000000000-CCGMP,GTAGAGGATATCCTCT,SyncomNegative_Control_DMSO_Rep_3.Rep_3_72h
505,712,Metagenomics,Amplicons,Illumina,Bacterial,Niklas Schandry,Becker,none,DNeasy Power Soil,500-600,0,Nextera XT,SyncomNegative_Control,DMSO,Rep_4 72h,SyncomNegative_Control_DMSO_Rep_4,GTAGAGGA,GTAAGGAG,72h,000000000-CCGMP,GTAGAGGAGTAAGGAG,SyncomNegative_Control_DMSO_Rep_4.Rep_4_72h
502,714,Metagenomics,Amplicons,Illumina,Bacterial,Niklas Schandry,Becker,none,DNeasy Power Soil,500-600,0,Nextera XT,SyncomNegative_Control,BOA,Rep_1 72h,SyncomNegative_Control_BOA_Rep_1,GCTCATGA,CTCTCTAT,72h,000000000-CCGMP,GCTCATGACTCTCTAT,SyncomNegative_Control_BOA_Rep_1.Rep_1_72h
503,714,Metagenomics,Amplicons,Illumina,Bacterial,Niklas Schandry,Becker,none,DNeasy Power Soil,500-600,0,Nextera XT,SyncomNegative_Control,BOA,Rep_3 72h,SyncomNegative_Control_BOA_Rep_3,GCTCATGA,TATCCTCT,72h,000000000-CCGMP,GCTCATGATATCCTCT,SyncomNegative_Control_BOA_Rep_3.Rep_3_72h
505,714,Metagenomics,Amplicons,Illumina,Bacterial,Niklas Schandry,Becker,none,DNeasy Power Soil,500-600,0,Nextera XT,SyncomNegative_Control,BOA,Rep_4 72h,SyncomNegative_Control_BOA_Rep_4,GCTCATGA,GTAAGGAG,72h,000000000-CCGMP,GCTCATGAGTAAGGAG,SyncomNegative_Control_BOA_Rep_4.Rep_4_72h
502,715,Metagenomics,Amplicons,Illumina,Bacterial,Niklas Schandry,Becker,none,DNeasy Power Soil,500-600,0,Nextera XT,SyncomNegative_Control,APO,Rep_1 72h,SyncomNegative_Control_APO_Rep_1,ATCTCAGG,CTCTCTAT,72h,000000000-CCGMP,ATCTCAGGCTCTCTAT,SyncomNegative_Control_APO_Rep_1.Rep_1_72h
503,715,Metagenomics,Amplicons,Illumina,Bacterial,Niklas Schandry,Becker,none,DNeasy Power Soil,500-600,0,Nextera XT,SyncomNegative_Control,APO,Rep_3 72h,SyncomNegative_Control_APO_Rep_3,ATCTCAGG,TATCCTCT,72h,000000000-CCGMP,ATCTCAGGTATCCTCT,SyncomNegative_Control_APO_Rep_3.Rep_3_72h
505,715,Metagenomics,Amplicons,Illumina,Bacterial,Niklas Schandry,Becker,none,DNeasy Power Soil,500-600,0,Nextera XT,SyncomNegative_Control,APO,Rep_4 72h,SyncomNegative_Control_APO_Rep_4,ATCTCAGG,GTAAGGAG,72h,000000000-CCGMP,ATCTCAGGGTAAGGAG,SyncomNegative_Control_APO_Rep_4.Rep_4_72h
505,716,Metagenomics,Amplicons,Illumina,Bacterial,Niklas Schandry,Becker,none,DNeasy Power Soil,500-600,0,Nextera XT,Syncom_reduced_mixed,DMSO,Rep_5 72h,Syncom_reduced_mixed_DMSO_Rep_5,ACTCGCTA,GTAAGGAG,72h,000000000-CCGMP,ACTCGCTAGTAAGGAG,Syncom_reduced_mixed_DMSO_Rep_5.Rep_5_72h
506,716,Metagenomics,Amplicons,Illumina,Bacterial,Niklas Schandry,Becker,none,DNeasy Power Soil,500-600,0,Nextera XT,Syncom_reduced_tolerant,DMSO,Rep_5 72h,Syncom_reduced_tolerant_DMSO_Rep_5,ACTCGCTA,ACTGCATA,72h,000000000-CCGMP,ACTCGCTAACTGCATA,Syncom_reduced_tolerant_DMSO_Rep_5.Rep_5_72h
510,716,Metagenomics,Amplicons,Illumina,Bacterial,Niklas Schandry,Becker,none,DNeasy Power Soil,500-600,0,Nextera XT,Syncom_reduced_sensitive,DMSO,Rep_5 72h,Syncom_reduced_sensitive_DMSO_Rep_5,ACTCGCTA,CGTCTAAT,72h,000000000-CCGMP,ACTCGCTACGTCTAAT,Syncom_reduced_sensitive_DMSO_Rep_5.Rep_5_72h
511,716,Metagenomics,Amplicons,Illumina,Bacterial,Niklas Schandry,Becker,none,DNeasy Power Soil,500-600,0,Nextera XT,Syncom_full_random,DMSO,Rep_5 72h,Syncom_full_random_DMSO_Rep_5,ACTCGCTA,TCTCTCCG,72h,000000000-CCGMP,ACTCGCTATCTCTCCG,Syncom_full_random_DMSO_Rep_5.Rep_5_72h
505,718,Metagenomics,Amplicons,Illumina,Bacterial,Niklas Schandry,Becker,none,DNeasy Power Soil,500-600,0,Nextera XT,Syncom_reduced_mixed,BOA,Rep_5 72h,Syncom_reduced_mixed_BOA_Rep_5,GGAGCTAC,GTAAGGAG,72h,000000000-CCGMP,GGAGCTACGTAAGGAG,Syncom_reduced_mixed_BOA_Rep_5.Rep_5_72h
506,718,Metagenomics,Amplicons,Illumina,Bacterial,Niklas Schandry,Becker,none,DNeasy Power Soil,500-600,0,Nextera XT,Syncom_reduced_tolerant,BOA,Rep_5 72h,Syncom_reduced_tolerant_BOA_Rep_5,GGAGCTAC,ACTGCATA,72h,000000000-CCGMP,GGAGCTACACTGCATA,Syncom_reduced_tolerant_BOA_Rep_5.Rep_5_72h
510,718,Metagenomics,Amplicons,Illumina,Bacterial,Niklas Schandry,Becker,none,DNeasy Power Soil,500-600,0,Nextera XT,Syncom_reduced_sensitive,BOA,Rep_5 72h,Syncom_reduced_sensitive_BOA_Rep_5,GGAGCTAC,CGTCTAAT,72h,000000000-CCGMP,GGAGCTACCGTCTAAT,Syncom_reduced_sensitive_BOA_Rep_5.Rep_5_72h
511,718,Metagenomics,Amplicons,Illumina,Bacterial,Niklas Schandry,Becker,none,DNeasy Power Soil,500-600,0,Nextera XT,Syncom_full_random,BOA,Rep_5 72h,Syncom_full_random_BOA_Rep_5,GGAGCTAC,TCTCTCCG,72h,000000000-CCGMP,GGAGCTACTCTCTCCG,Syncom_full_random_BOA_Rep_5.Rep_5_72h
505,719,Metagenomics,Amplicons,Illumina,Bacterial,Niklas Schandry,Becker,none,DNeasy Power Soil,500-600,0,Nextera XT,Syncom_reduced_mixed,APO,Rep_5 72h,Syncom_reduced_mixed_APO_Rep_5,GCGTAGTA,GTAAGGAG,72h,000000000-CCGMP,GCGTAGTAGTAAGGAG,Syncom_reduced_mixed_APO_Rep_5.Rep_5_72h
506,719,Metagenomics,Amplicons,Illumina,Bacterial,Niklas Schandry,Becker,none,DNeasy Power Soil,500-600,0,Nextera XT,Syncom_reduced_tolerant,APO,Rep_5 72h,Syncom_reduced_tolerant_APO_Rep_5,GCGTAGTA,ACTGCATA,72h,000000000-CCGMP,GCGTAGTAACTGCATA,Syncom_reduced_tolerant_APO_Rep_5.Rep_5_72h
510,719,Metagenomics,Amplicons,Illumina,Bacterial,Niklas Schandry,Becker,none,DNeasy Power Soil,500-600,0,Nextera XT,Syncom_reduced_sensitive,APO,Rep_5 72h,Syncom_reduced_sensitive_APO_Rep_5,GCGTAGTA,CGTCTAAT,72h,000000000-CCGMP,GCGTAGTACGTCTAAT,Syncom_reduced_sensitive_APO_Rep_5.Rep_5_72h
511,719,Metagenomics,Amplicons,Illumina,Bacterial,Niklas Schandry,Becker,none,DNeasy Power Soil,500-600,0,Nextera XT,Syncom_full_random,APO,Rep_5 72h,Syncom_full_random_APO_Rep_5,GCGTAGTA,TCTCTCCG,72h,000000000-CCGMP,GCGTAGTATCTCTCCG,Syncom_full_random_APO_Rep_5.Rep_5_72h
505,720,Metagenomics,Amplicons,Illumina,Bacterial,Niklas Schandry,Becker,none,DNeasy Power Soil,500-600,0,Nextera XT,Syncom_reduced_mixed,DMSO,Rep_6 72h,Syncom_reduced_mixed_DMSO_Rep_6,CGGAGCCT,GTAAGGAG,72h,000000000-CCGMP,CGGAGCCTGTAAGGAG,Syncom_reduced_mixed_DMSO_Rep_6.Rep_6_72h
506,720,Metagenomics,Amplicons,Illumina,Bacterial,Niklas Schandry,Becker,none,DNeasy Power Soil,500-600,0,Nextera XT,Syncom_reduced_tolerant,DMSO,Rep_6 72h,Syncom_reduced_tolerant_DMSO_Rep_6,CGGAGCCT,ACTGCATA,72h,000000000-CCGMP,CGGAGCCTACTGCATA,Syncom_reduced_tolerant_DMSO_Rep_6.Rep_6_72h
510,720,Metagenomics,Amplicons,Illumina,Bacterial,Niklas Schandry,Becker,none,DNeasy Power Soil,500-600,0,Nextera XT,Syncom_reduced_sensitive,DMSO,Rep_6 72h,Syncom_reduced_sensitive_DMSO_Rep_6,CGGAGCCT,CGTCTAAT,72h,000000000-CCGMP,CGGAGCCTCGTCTAAT,Syncom_reduced_sensitive_DMSO_Rep_6.Rep_6_72h
511,720,Metagenomics,Amplicons,Illumina,Bacterial,Niklas Schandry,Becker,none,DNeasy Power Soil,500-600,0,Nextera XT,Syncom_full_random,DMSO,Rep_6 72h,Syncom_full_random_DMSO_Rep_6,CGGAGCCT,TCTCTCCG,72h,000000000-CCGMP,CGGAGCCTTCTCTCCG,Syncom_full_random_DMSO_Rep_6.Rep_6_72h
505,721,Metagenomics,Amplicons,Illumina,Bacterial,Niklas Schandry,Becker,none,DNeasy Power Soil,500-600,0,Nextera XT,Syncom_reduced_mixed,BOA,Rep_6 72h,Syncom_reduced_mixed_BOA_Rep_6,TACGCTGC,GTAAGGAG,72h,000000000-CCGMP,TACGCTGCGTAAGGAG,Syncom_reduced_mixed_BOA_Rep_6.Rep_6_72h
506,721,Metagenomics,Amplicons,Illumina,Bacterial,Niklas Schandry,Becker,none,DNeasy Power Soil,500-600,0,Nextera XT,Syncom_reduced_tolerant,BOA,Rep_6 72h,Syncom_reduced_tolerant_BOA_Rep_6,TACGCTGC,ACTGCATA,72h,000000000-CCGMP,TACGCTGCACTGCATA,Syncom_reduced_tolerant_BOA_Rep_6.Rep_6_72h
510,721,Metagenomics,Amplicons,Illumina,Bacterial,Niklas Schandry,Becker,none,DNeasy Power Soil,500-600,0,Nextera XT,Syncom_reduced_sensitive,BOA,Rep_6 72h,Syncom_reduced_sensitive_BOA_Rep_6,TACGCTGC,CGTCTAAT,72h,000000000-CCGMP,TACGCTGCCGTCTAAT,Syncom_reduced_sensitive_BOA_Rep_6.Rep_6_72h
511,721,Metagenomics,Amplicons,Illumina,Bacterial,Niklas Schandry,Becker,none,DNeasy Power Soil,500-600,0,Nextera XT,Syncom_full_random,BOA,Rep_6 72h,Syncom_full_random_BOA_Rep_6,TACGCTGC,TCTCTCCG,72h,000000000-CCGMP,TACGCTGCTCTCTCCG,Syncom_full_random_BOA_Rep_6.Rep_6_72h
505,722,Metagenomics,Amplicons,Illumina,Bacterial,Niklas Schandry,Becker,none,DNeasy Power Soil,500-600,0,Nextera XT,Syncom_reduced_mixed,APO,Rep_6 72h,Syncom_reduced_mixed_APO_Rep_6,ATGCGCAG,GTAAGGAG,72h,000000000-CCGMP,ATGCGCAGGTAAGGAG,Syncom_reduced_mixed_APO_Rep_6.Rep_6_72h
506,722,Metagenomics,Amplicons,Illumina,Bacterial,Niklas Schandry,Becker,none,DNeasy Power Soil,500-600,0,Nextera XT,Syncom_reduced_tolerant,APO,Rep_6 72h,Syncom_reduced_tolerant_APO_Rep_6,ATGCGCAG,ACTGCATA,72h,000000000-CCGMP,ATGCGCAGACTGCATA,Syncom_reduced_tolerant_APO_Rep_6.Rep_6_72h
510,722,Metagenomics,Amplicons,Illumina,Bacterial,Niklas Schandry,Becker,none,DNeasy Power Soil,500-600,0,Nextera XT,Syncom_reduced_sensitive,APO,Rep_6 72h,Syncom_reduced_sensitive_APO_Rep_6,ATGCGCAG,CGTCTAAT,72h,000000000-CCGMP,ATGCGCAGCGTCTAAT,Syncom_reduced_sensitive_APO_Rep_6.Rep_6_72h
511,722,Metagenomics,Amplicons,Illumina,Bacterial,Niklas Schandry,Becker,none,DNeasy Power Soil,500-600,0,Nextera XT,Syncom_full_random,APO,Rep_6 72h,Syncom_full_random_APO_Rep_6,ATGCGCAG,TCTCTCCG,72h,000000000-CCGMP,ATGCGCAGTCTCTCCG,Syncom_full_random_APO_Rep_6.Rep_6_72h
502,727,Metagenomics,Amplicons,Illumina,Bacterial,Niklas Schandry,Becker,none,DNeasy Power Soil,500-600,0,Nextera XT,SyncomNegative_Control,DMSO,Rep_5 72h,SyncomNegative_Control_DMSO_Rep_5,CGATCAGT,CTCTCTAT,72h,000000000-CCGMP,CGATCAGTCTCTCTAT,SyncomNegative_Control_DMSO_Rep_5.Rep_5_72h
503,727,Metagenomics,Amplicons,Illumina,Bacterial,Niklas Schandry,Becker,none,DNeasy Power Soil,500-600,0,Nextera XT,SyncomNegative_Control,DMSO,Rep_6 72h,SyncomNegative_Control_DMSO_Rep_6,CGATCAGT,TATCCTCT,72h,000000000-CCGMP,CGATCAGTTATCCTCT,SyncomNegative_Control_DMSO_Rep_6.Rep_6_72h
502,728,Metagenomics,Amplicons,Illumina,Bacterial,Niklas Schandry,Becker,none,DNeasy Power Soil,500-600,0,Nextera XT,SyncomNegative_Control,BOA,Rep_5 72h,SyncomNegative_Control_BOA_Rep_5,TGCAGCTA,CTCTCTAT,72h,000000000-CCGMP,TGCAGCTACTCTCTAT,SyncomNegative_Control_BOA_Rep_5.Rep_5_72h
503,728,Metagenomics,Amplicons,Illumina,Bacterial,Niklas Schandry,Becker,none,DNeasy Power Soil,500-600,0,Nextera XT,SyncomNegative_Control,BOA,Rep_6 72h,SyncomNegative_Control_BOA_Rep_6,TGCAGCTA,TATCCTCT,72h,000000000-CCGMP,TGCAGCTATATCCTCT,SyncomNegative_Control_BOA_Rep_6.Rep_6_72h
502,729,Metagenomics,Amplicons,Illumina,Bacterial,Niklas Schandry,Becker,none,DNeasy Power Soil,500-600,0,Nextera XT,SyncomNegative_Control,APO,Rep_5 72h,SyncomNegative_Control_APO_Rep_5,TCGACGTC,CTCTCTAT,72h,000000000-CCGMP,TCGACGTCCTCTCTAT,SyncomNegative_Control_APO_Rep_5.Rep_5_72h
503,729,Metagenomics,Amplicons,Illumina,Bacterial,Niklas Schandry,Becker,none,DNeasy Power Soil,500-600,0,Nextera XT,SyncomNegative_Control,APO,Rep_6 72h,SyncomNegative_Control_APO_Rep_6,TCGACGTC,TATCCTCT,72h,000000000-CCGMP,TCGACGTCTATCCTCT,SyncomNegative_Control_APO_Rep_6.Rep_6_72h
505,701,Metagenomics,Amplicons,Illumina,Bacterial,Niklas Schandry,Becker,none,DNeasy Power Soil,500-600,0,Nextera XT,Syncom_reduced_mixed,DMSO,Rep_1 96h,Syncom_reduced_mixed_DMSO_Rep_1,TAAGGCGA,GTAAGGAG,96h,000000000-C9W8N,TAAGGCGAGTAAGGAG,Syncom_reduced_mixed_DMSO_Rep_1.Rep_1_96h
506,701,Metagenomics,Amplicons,Illumina,Bacterial,Niklas Schandry,Becker,none,DNeasy Power Soil,500-600,0,Nextera XT,Syncom_reduced_tolerant,DMSO,Rep_1 96h,Syncom_reduced_tolerant_DMSO_Rep_1,TAAGGCGA,ACTGCATA,96h,000000000-C9W8N,TAAGGCGAACTGCATA,Syncom_reduced_tolerant_DMSO_Rep_1.Rep_1_96h
510,701,Metagenomics,Amplicons,Illumina,Bacterial,Niklas Schandry,Becker,none,DNeasy Power Soil,500-600,0,Nextera XT,Syncom_reduced_sensitive,DMSO,Rep_1 96h,Syncom_reduced_sensitive_DMSO_Rep_1,TAAGGCGA,CGTCTAAT,96h,000000000-C9W8N,TAAGGCGACGTCTAAT,Syncom_reduced_sensitive_DMSO_Rep_1.Rep_1_96h
511,701,Metagenomics,Amplicons,Illumina,Bacterial,Niklas Schandry,Becker,none,DNeasy Power Soil,500-600,0,Nextera XT,Syncom_full_random,DMSO,Rep_1 96h,Syncom_full_random_DMSO_Rep_1,TAAGGCGA,TCTCTCCG,96h,000000000-C9W8N,TAAGGCGATCTCTCCG,Syncom_full_random_DMSO_Rep_1.Rep_1_96h
505,702,Metagenomics,Amplicons,Illumina,Bacterial,Niklas Schandry,Becker,none,DNeasy Power Soil,500-600,0,Nextera XT,Syncom_reduced_mixed,BOA,Rep_1 96h,Syncom_reduced_mixed_BOA_Rep_1,CGTACTAG,GTAAGGAG,96h,000000000-C9W8N,CGTACTAGGTAAGGAG,Syncom_reduced_mixed_BOA_Rep_1.Rep_1_96h
506,702,Metagenomics,Amplicons,Illumina,Bacterial,Niklas Schandry,Becker,none,DNeasy Power Soil,500-600,0,Nextera XT,Syncom_reduced_tolerant,BOA,Rep_1 96h,Syncom_reduced_tolerant_BOA_Rep_1,CGTACTAG,ACTGCATA,96h,000000000-C9W8N,CGTACTAGACTGCATA,Syncom_reduced_tolerant_BOA_Rep_1.Rep_1_96h
510,702,Metagenomics,Amplicons,Illumina,Bacterial,Niklas Schandry,Becker,none,DNeasy Power Soil,500-600,0,Nextera XT,Syncom_reduced_sensitive,BOA,Rep_1 96h,Syncom_reduced_sensitive_BOA_Rep_1,CGTACTAG,CGTCTAAT,96h,000000000-C9W8N,CGTACTAGCGTCTAAT,Syncom_reduced_sensitive_BOA_Rep_1.Rep_1_96h
511,702,Metagenomics,Amplicons,Illumina,Bacterial,Niklas Schandry,Becker,none,DNeasy Power Soil,500-600,0,Nextera XT,Syncom_full_random,BOA,Rep_1 96h,Syncom_full_random_BOA_Rep_1,CGTACTAG,TCTCTCCG,96h,000000000-C9W8N,CGTACTAGTCTCTCCG,Syncom_full_random_BOA_Rep_1.Rep_1_96h
505,703,Metagenomics,Amplicons,Illumina,Bacterial,Niklas Schandry,Becker,none,DNeasy Power Soil,500-600,0,Nextera XT,Syncom_reduced_mixed,APO,Rep_1 96h,Syncom_reduced_mixed_APO_Rep_1,AGGCAGAA,GTAAGGAG,96h,000000000-C9W8N,AGGCAGAAGTAAGGAG,Syncom_reduced_mixed_APO_Rep_1.Rep_1_96h
506,703,Metagenomics,Amplicons,Illumina,Bacterial,Niklas Schandry,Becker,none,DNeasy Power Soil,500-600,0,Nextera XT,Syncom_reduced_tolerant,APO,Rep_1 96h,Syncom_reduced_tolerant_APO_Rep_1,AGGCAGAA,ACTGCATA,96h,000000000-C9W8N,AGGCAGAAACTGCATA,Syncom_reduced_tolerant_APO_Rep_1.Rep_1_96h
510,703,Metagenomics,Amplicons,Illumina,Bacterial,Niklas Schandry,Becker,none,DNeasy Power Soil,500-600,0,Nextera XT,Syncom_reduced_sensitive,APO,Rep_1 96h,Syncom_reduced_sensitive_APO_Rep_1,AGGCAGAA,CGTCTAAT,96h,000000000-C9W8N,AGGCAGAACGTCTAAT,Syncom_reduced_sensitive_APO_Rep_1.Rep_1_96h
511,703,Metagenomics,Amplicons,Illumina,Bacterial,Niklas Schandry,Becker,none,DNeasy Power Soil,500-600,0,Nextera XT,Syncom_full_random,APO,Rep_1 96h,Syncom_full_random_APO_Rep_1,AGGCAGAA,TCTCTCCG,96h,000000000-C9W8N,AGGCAGAATCTCTCCG,Syncom_full_random_APO_Rep_1.Rep_1_96h
505,704,Metagenomics,Amplicons,Illumina,Bacterial,Niklas Schandry,Becker,none,DNeasy Power Soil,500-600,0,Nextera XT,Syncom_reduced_mixed,DMSO,Rep_3 96h,Syncom_reduced_mixed_DMSO_Rep_3,TCCTGAGC,GTAAGGAG,96h,000000000-C9W8N,TCCTGAGCGTAAGGAG,Syncom_reduced_mixed_DMSO_Rep_3.Rep_3_96h
506,704,Metagenomics,Amplicons,Illumina,Bacterial,Niklas Schandry,Becker,none,DNeasy Power Soil,500-600,0,Nextera XT,Syncom_reduced_tolerant,DMSO,Rep_3 96h,Syncom_reduced_tolerant_DMSO_Rep_3,TCCTGAGC,ACTGCATA,96h,000000000-C9W8N,TCCTGAGCACTGCATA,Syncom_reduced_tolerant_DMSO_Rep_3.Rep_3_96h
510,704,Metagenomics,Amplicons,Illumina,Bacterial,Niklas Schandry,Becker,none,DNeasy Power Soil,500-600,0,Nextera XT,Syncom_reduced_sensitive,DMSO,Rep_3 96h,Syncom_reduced_sensitive_DMSO_Rep_3,TCCTGAGC,CGTCTAAT,96h,000000000-C9W8N,TCCTGAGCCGTCTAAT,Syncom_reduced_sensitive_DMSO_Rep_3.Rep_3_96h
511,704,Metagenomics,Amplicons,Illumina,Bacterial,Niklas Schandry,Becker,none,DNeasy Power Soil,500-600,0,Nextera XT,Syncom_full_random,DMSO,Rep_3 96h,Syncom_full_random_DMSO_Rep_3,TCCTGAGC,TCTCTCCG,96h,000000000-C9W8N,TCCTGAGCTCTCTCCG,Syncom_full_random_DMSO_Rep_3.Rep_3_96h
505,705,Metagenomics,Amplicons,Illumina,Bacterial,Niklas Schandry,Becker,none,DNeasy Power Soil,500-600,0,Nextera XT,Syncom_reduced_mixed,BOA,Rep_3 96h,Syncom_reduced_mixed_BOA_Rep_3,GGACTCCT,GTAAGGAG,96h,000000000-C9W8N,GGACTCCTGTAAGGAG,Syncom_reduced_mixed_BOA_Rep_3.Rep_3_96h
506,705,Metagenomics,Amplicons,Illumina,Bacterial,Niklas Schandry,Becker,none,DNeasy Power Soil,500-600,0,Nextera XT,Syncom_reduced_tolerant,BOA,Rep_3 96h,Syncom_reduced_tolerant_BOA_Rep_3,GGACTCCT,ACTGCATA,96h,000000000-C9W8N,GGACTCCTACTGCATA,Syncom_reduced_tolerant_BOA_Rep_3.Rep_3_96h
510,705,Metagenomics,Amplicons,Illumina,Bacterial,Niklas Schandry,Becker,none,DNeasy Power Soil,500-600,0,Nextera XT,Syncom_reduced_sensitive,BOA,Rep_3 96h,Syncom_reduced_sensitive_BOA_Rep_3,GGACTCCT,CGTCTAAT,96h,000000000-C9W8N,GGACTCCTCGTCTAAT,Syncom_reduced_sensitive_BOA_Rep_3.Rep_3_96h
511,705,Metagenomics,Amplicons,Illumina,Bacterial,Niklas Schandry,Becker,none,DNeasy Power Soil,500-600,0,Nextera XT,Syncom_full_random,BOA,Rep_3 96h,Syncom_full_random_BOA_Rep_3,GGACTCCT,TCTCTCCG,96h,000000000-C9W8N,GGACTCCTTCTCTCCG,Syncom_full_random_BOA_Rep_3.Rep_3_96h
505,706,Metagenomics,Amplicons,Illumina,Bacterial,Niklas Schandry,Becker,none,DNeasy Power Soil,500-600,0,Nextera XT,Syncom_reduced_mixed,APO,Rep_3 96h,Syncom_reduced_mixed_APO_Rep_3,TAGGCATG,GTAAGGAG,96h,000000000-C9W8N,TAGGCATGGTAAGGAG,Syncom_reduced_mixed_APO_Rep_3.Rep_3_96h
506,706,Metagenomics,Amplicons,Illumina,Bacterial,Niklas Schandry,Becker,none,DNeasy Power Soil,500-600,0,Nextera XT,Syncom_reduced_tolerant,APO,Rep_3 96h,Syncom_reduced_tolerant_APO_Rep_3,TAGGCATG,ACTGCATA,96h,000000000-C9W8N,TAGGCATGACTGCATA,Syncom_reduced_tolerant_APO_Rep_3.Rep_3_96h
510,706,Metagenomics,Amplicons,Illumina,Bacterial,Niklas Schandry,Becker,none,DNeasy Power Soil,500-600,0,Nextera XT,Syncom_reduced_sensitive,APO,Rep_3 96h,Syncom_reduced_sensitive_APO_Rep_3,TAGGCATG,CGTCTAAT,96h,000000000-C9W8N,TAGGCATGCGTCTAAT,Syncom_reduced_sensitive_APO_Rep_3.Rep_3_96h
511,706,Metagenomics,Amplicons,Illumina,Bacterial,Niklas Schandry,Becker,none,DNeasy Power Soil,500-600,0,Nextera XT,Syncom_full_random,APO,Rep_3 96h,Syncom_full_random_APO_Rep_3,TAGGCATG,TCTCTCCG,96h,000000000-C9W8N,TAGGCATGTCTCTCCG,Syncom_full_random_APO_Rep_3.Rep_3_96h
505,707,Metagenomics,Amplicons,Illumina,Bacterial,Niklas Schandry,Becker,none,DNeasy Power Soil,500-600,0,Nextera XT,Syncom_reduced_mixed,DMSO,Rep_4 96h,Syncom_reduced_mixed_DMSO_Rep_4,CTCTCTAC,GTAAGGAG,96h,000000000-C9W8N,CTCTCTACGTAAGGAG,Syncom_reduced_mixed_DMSO_Rep_4.Rep_4_96h
506,707,Metagenomics,Amplicons,Illumina,Bacterial,Niklas Schandry,Becker,none,DNeasy Power Soil,500-600,0,Nextera XT,Syncom_reduced_tolerant,DMSO,Rep_4 96h,Syncom_reduced_tolerant_DMSO_Rep_4,CTCTCTAC,ACTGCATA,96h,000000000-C9W8N,CTCTCTACACTGCATA,Syncom_reduced_tolerant_DMSO_Rep_4.Rep_4_96h
510,707,Metagenomics,Amplicons,Illumina,Bacterial,Niklas Schandry,Becker,none,DNeasy Power Soil,500-600,0,Nextera XT,Syncom_reduced_sensitive,DMSO,Rep_4 96h,Syncom_reduced_sensitive_DMSO_Rep_4,CTCTCTAC,CGTCTAAT,96h,000000000-C9W8N,CTCTCTACCGTCTAAT,Syncom_reduced_sensitive_DMSO_Rep_4.Rep_4_96h
511,707,Metagenomics,Amplicons,Illumina,Bacterial,Niklas Schandry,Becker,none,DNeasy Power Soil,500-600,0,Nextera XT,Syncom_full_random,DMSO,Rep_4 96h,Syncom_full_random_DMSO_Rep_4,CTCTCTAC,TCTCTCCG,96h,000000000-C9W8N,CTCTCTACTCTCTCCG,Syncom_full_random_DMSO_Rep_4.Rep_4_96h
505,710,Metagenomics,Amplicons,Illumina,Bacterial,Niklas Schandry,Becker,none,DNeasy Power Soil,500-600,0,Nextera XT,Syncom_reduced_mixed,BOA,Rep_4 96h,Syncom_reduced_mixed_BOA_Rep_4,CGAGGCTG,GTAAGGAG,96h,000000000-C9W8N,CGAGGCTGGTAAGGAG,Syncom_reduced_mixed_BOA_Rep_4.Rep_4_96h
506,710,Metagenomics,Amplicons,Illumina,Bacterial,Niklas Schandry,Becker,none,DNeasy Power Soil,500-600,0,Nextera XT,Syncom_reduced_tolerant,BOA,Rep_4 96h,Syncom_reduced_tolerant_BOA_Rep_4,CGAGGCTG,ACTGCATA,96h,000000000-C9W8N,CGAGGCTGACTGCATA,Syncom_reduced_tolerant_BOA_Rep_4.Rep_4_96h
510,710,Metagenomics,Amplicons,Illumina,Bacterial,Niklas Schandry,Becker,none,DNeasy Power Soil,500-600,0,Nextera XT,Syncom_reduced_sensitive,BOA,Rep_4 96h,Syncom_reduced_sensitive_BOA_Rep_4,CGAGGCTG,CGTCTAAT,96h,000000000-C9W8N,CGAGGCTGCGTCTAAT,Syncom_reduced_sensitive_BOA_Rep_4.Rep_4_96h
511,710,Metagenomics,Amplicons,Illumina,Bacterial,Niklas Schandry,Becker,none,DNeasy Power Soil,500-600,0,Nextera XT,Syncom_full_random,BOA,Rep_4 96h,Syncom_full_random_BOA_Rep_4,CGAGGCTG,TCTCTCCG,96h,000000000-C9W8N,CGAGGCTGTCTCTCCG,Syncom_full_random_BOA_Rep_4.Rep_4_96h
505,711,Metagenomics,Amplicons,Illumina,Bacterial,Niklas Schandry,Becker,none,DNeasy Power Soil,500-600,0,Nextera XT,Syncom_reduced_mixed,APO,Rep_4 96h,Syncom_reduced_mixed_APO_Rep_4,AAGAGGCA,GTAAGGAG,96h,000000000-C9W8N,AAGAGGCAGTAAGGAG,Syncom_reduced_mixed_APO_Rep_4.Rep_4_96h
506,711,Metagenomics,Amplicons,Illumina,Bacterial,Niklas Schandry,Becker,none,DNeasy Power Soil,500-600,0,Nextera XT,Syncom_reduced_tolerant,APO,Rep_4 96h,Syncom_reduced_tolerant_APO_Rep_4,AAGAGGCA,ACTGCATA,96h,000000000-C9W8N,AAGAGGCAACTGCATA,Syncom_reduced_tolerant_APO_Rep_4.Rep_4_96h
510,711,Metagenomics,Amplicons,Illumina,Bacterial,Niklas Schandry,Becker,none,DNeasy Power Soil,500-600,0,Nextera XT,Syncom_reduced_sensitive,APO,Rep_4 96h,Syncom_reduced_sensitive_APO_Rep_4,AAGAGGCA,CGTCTAAT,96h,000000000-C9W8N,AAGAGGCACGTCTAAT,Syncom_reduced_sensitive_APO_Rep_4.Rep_4_96h
511,711,Metagenomics,Amplicons,Illumina,Bacterial,Niklas Schandry,Becker,none,DNeasy Power Soil,500-600,0,Nextera XT,Syncom_full_random,APO,Rep_4 96h,Syncom_full_random_APO_Rep_4,AAGAGGCA,TCTCTCCG,96h,000000000-C9W8N,AAGAGGCATCTCTCCG,Syncom_full_random_APO_Rep_4.Rep_4_96h
502,712,Metagenomics,Amplicons,Illumina,Bacterial,Niklas Schandry,Becker,none,DNeasy Power Soil,500-600,0,Nextera XT,SyncomNegative_Control,DMSO,Rep_1 96h,SyncomNegative_Control_DMSO_Rep_1,GTAGAGGA,CTCTCTAT,96h,000000000-C9W8N,GTAGAGGACTCTCTAT,SyncomNegative_Control_DMSO_Rep_1.Rep_1_96h
503,712,Metagenomics,Amplicons,Illumina,Bacterial,Niklas Schandry,Becker,none,DNeasy Power Soil,500-600,0,Nextera XT,SyncomNegative_Control,DMSO,Rep_3 96h,SyncomNegative_Control_DMSO_Rep_3,GTAGAGGA,TATCCTCT,96h,000000000-C9W8N,GTAGAGGATATCCTCT,SyncomNegative_Control_DMSO_Rep_3.Rep_3_96h
505,712,Metagenomics,Amplicons,Illumina,Bacterial,Niklas Schandry,Becker,none,DNeasy Power Soil,500-600,0,Nextera XT,SyncomNegative_Control,DMSO,Rep_4 96h,SyncomNegative_Control_DMSO_Rep_4,GTAGAGGA,GTAAGGAG,96h,000000000-C9W8N,GTAGAGGAGTAAGGAG,SyncomNegative_Control_DMSO_Rep_4.Rep_4_96h
502,714,Metagenomics,Amplicons,Illumina,Bacterial,Niklas Schandry,Becker,none,DNeasy Power Soil,500-600,0,Nextera XT,SyncomNegative_Control,BOA,Rep_1 96h,SyncomNegative_Control_BOA_Rep_1,GCTCATGA,CTCTCTAT,96h,000000000-C9W8N,GCTCATGACTCTCTAT,SyncomNegative_Control_BOA_Rep_1.Rep_1_96h
503,714,Metagenomics,Amplicons,Illumina,Bacterial,Niklas Schandry,Becker,none,DNeasy Power Soil,500-600,0,Nextera XT,SyncomNegative_Control,BOA,Rep_3 96h,SyncomNegative_Control_BOA_Rep_3,GCTCATGA,TATCCTCT,96h,000000000-C9W8N,GCTCATGATATCCTCT,SyncomNegative_Control_BOA_Rep_3.Rep_3_96h
505,714,Metagenomics,Amplicons,Illumina,Bacterial,Niklas Schandry,Becker,none,DNeasy Power Soil,500-600,0,Nextera XT,SyncomNegative_Control,BOA,Rep_4 96h,SyncomNegative_Control_BOA_Rep_4,GCTCATGA,GTAAGGAG,96h,000000000-C9W8N,GCTCATGAGTAAGGAG,SyncomNegative_Control_BOA_Rep_4.Rep_4_96h
502,715,Metagenomics,Amplicons,Illumina,Bacterial,Niklas Schandry,Becker,none,DNeasy Power Soil,500-600,0,Nextera XT,SyncomNegative_Control,APO,Rep_1 96h,SyncomNegative_Control_APO_Rep_1,ATCTCAGG,CTCTCTAT,96h,000000000-C9W8N,ATCTCAGGCTCTCTAT,SyncomNegative_Control_APO_Rep_1.Rep_1_96h
503,715,Metagenomics,Amplicons,Illumina,Bacterial,Niklas Schandry,Becker,none,DNeasy Power Soil,500-600,0,Nextera XT,SyncomNegative_Control,APO,Rep_3 96h,SyncomNegative_Control_APO_Rep_3,ATCTCAGG,TATCCTCT,96h,000000000-C9W8N,ATCTCAGGTATCCTCT,SyncomNegative_Control_APO_Rep_3.Rep_3_96h
505,715,Metagenomics,Amplicons,Illumina,Bacterial,Niklas Schandry,Becker,none,DNeasy Power Soil,500-600,0,Nextera XT,SyncomNegative_Control,APO,Rep_4 96h,SyncomNegative_Control_APO_Rep_4,ATCTCAGG,GTAAGGAG,96h,000000000-C9W8N,ATCTCAGGGTAAGGAG,SyncomNegative_Control_APO_Rep_4.Rep_4_96h
505,716,Metagenomics,Amplicons,Illumina,Bacterial,Niklas Schandry,Becker,none,DNeasy Power Soil,500-600,0,Nextera XT,Syncom_reduced_mixed,DMSO,Rep_5 96h,Syncom_reduced_mixed_DMSO_Rep_5,ACTCGCTA,GTAAGGAG,96h,000000000-C9W8N,ACTCGCTAGTAAGGAG,Syncom_reduced_mixed_DMSO_Rep_5.Rep_5_96h
506,716,Metagenomics,Amplicons,Illumina,Bacterial,Niklas Schandry,Becker,none,DNeasy Power Soil,500-600,0,Nextera XT,Syncom_reduced_tolerant,DMSO,Rep_5 96h,Syncom_reduced_tolerant_DMSO_Rep_5,ACTCGCTA,ACTGCATA,96h,000000000-C9W8N,ACTCGCTAACTGCATA,Syncom_reduced_tolerant_DMSO_Rep_5.Rep_5_96h
510,716,Metagenomics,Amplicons,Illumina,Bacterial,Niklas Schandry,Becker,none,DNeasy Power Soil,500-600,0,Nextera XT,Syncom_reduced_sensitive,DMSO,Rep_5 96h,Syncom_reduced_sensitive_DMSO_Rep_5,ACTCGCTA,CGTCTAAT,96h,000000000-C9W8N,ACTCGCTACGTCTAAT,Syncom_reduced_sensitive_DMSO_Rep_5.Rep_5_96h
511,716,Metagenomics,Amplicons,Illumina,Bacterial,Niklas Schandry,Becker,none,DNeasy Power Soil,500-600,0,Nextera XT,Syncom_full_random,DMSO,Rep_5 96h,Syncom_full_random_DMSO_Rep_5,ACTCGCTA,TCTCTCCG,96h,000000000-C9W8N,ACTCGCTATCTCTCCG,Syncom_full_random_DMSO_Rep_5.Rep_5_96h
505,718,Metagenomics,Amplicons,Illumina,Bacterial,Niklas Schandry,Becker,none,DNeasy Power Soil,500-600,0,Nextera XT,Syncom_reduced_mixed,BOA,Rep_5 96h,Syncom_reduced_mixed_BOA_Rep_5,GGAGCTAC,GTAAGGAG,96h,000000000-C9W8N,GGAGCTACGTAAGGAG,Syncom_reduced_mixed_BOA_Rep_5.Rep_5_96h
506,718,Metagenomics,Amplicons,Illumina,Bacterial,Niklas Schandry,Becker,none,DNeasy Power Soil,500-600,0,Nextera XT,Syncom_reduced_tolerant,BOA,Rep_5 96h,Syncom_reduced_tolerant_BOA_Rep_5,GGAGCTAC,ACTGCATA,96h,000000000-C9W8N,GGAGCTACACTGCATA,Syncom_reduced_tolerant_BOA_Rep_5.Rep_5_96h
510,718,Metagenomics,Amplicons,Illumina,Bacterial,Niklas Schandry,Becker,none,DNeasy Power Soil,500-600,0,Nextera XT,Syncom_reduced_sensitive,BOA,Rep_5 96h,Syncom_reduced_sensitive_BOA_Rep_5,GGAGCTAC,CGTCTAAT,96h,000000000-C9W8N,GGAGCTACCGTCTAAT,Syncom_reduced_sensitive_BOA_Rep_5.Rep_5_96h
511,718,Metagenomics,Amplicons,Illumina,Bacterial,Niklas Schandry,Becker,none,DNeasy Power Soil,500-600,0,Nextera XT,Syncom_full_random,BOA,Rep_5 96h,Syncom_full_random_BOA_Rep_5,GGAGCTAC,TCTCTCCG,96h,000000000-C9W8N,GGAGCTACTCTCTCCG,Syncom_full_random_BOA_Rep_5.Rep_5_96h
505,719,Metagenomics,Amplicons,Illumina,Bacterial,Niklas Schandry,Becker,none,DNeasy Power Soil,500-600,0,Nextera XT,Syncom_reduced_mixed,APO,Rep_5 96h,Syncom_reduced_mixed_APO_Rep_5,GCGTAGTA,GTAAGGAG,96h,000000000-C9W8N,GCGTAGTAGTAAGGAG,Syncom_reduced_mixed_APO_Rep_5.Rep_5_96h
506,719,Metagenomics,Amplicons,Illumina,Bacterial,Niklas Schandry,Becker,none,DNeasy Power Soil,500-600,0,Nextera XT,Syncom_reduced_tolerant,APO,Rep_5 96h,Syncom_reduced_tolerant_APO_Rep_5,GCGTAGTA,ACTGCATA,96h,000000000-C9W8N,GCGTAGTAACTGCATA,Syncom_reduced_tolerant_APO_Rep_5.Rep_5_96h
510,719,Metagenomics,Amplicons,Illumina,Bacterial,Niklas Schandry,Becker,none,DNeasy Power Soil,500-600,0,Nextera XT,Syncom_reduced_sensitive,APO,Rep_5 96h,Syncom_reduced_sensitive_APO_Rep_5,GCGTAGTA,CGTCTAAT,96h,000000000-C9W8N,GCGTAGTACGTCTAAT,Syncom_reduced_sensitive_APO_Rep_5.Rep_5_96h
511,719,Metagenomics,Amplicons,Illumina,Bacterial,Niklas Schandry,Becker,none,DNeasy Power Soil,500-600,0,Nextera XT,Syncom_full_random,APO,Rep_5 96h,Syncom_full_random_APO_Rep_5,GCGTAGTA,TCTCTCCG,96h,000000000-C9W8N,GCGTAGTATCTCTCCG,Syncom_full_random_APO_Rep_5.Rep_5_96h
505,720,Metagenomics,Amplicons,Illumina,Bacterial,Niklas Schandry,Becker,none,DNeasy Power Soil,500-600,0,Nextera XT,Syncom_reduced_mixed,DMSO,Rep_6 96h,Syncom_reduced_mixed_DMSO_Rep_6,CGGAGCCT,GTAAGGAG,96h,000000000-C9W8N,CGGAGCCTGTAAGGAG,Syncom_reduced_mixed_DMSO_Rep_6.Rep_6_96h
506,720,Metagenomics,Amplicons,Illumina,Bacterial,Niklas Schandry,Becker,none,DNeasy Power Soil,500-600,0,Nextera XT,Syncom_reduced_tolerant,DMSO,Rep_6 96h,Syncom_reduced_tolerant_DMSO_Rep_6,CGGAGCCT,ACTGCATA,96h,000000000-C9W8N,CGGAGCCTACTGCATA,Syncom_reduced_tolerant_DMSO_Rep_6.Rep_6_96h
510,720,Metagenomics,Amplicons,Illumina,Bacterial,Niklas Schandry,Becker,none,DNeasy Power Soil,500-600,0,Nextera XT,Syncom_reduced_sensitive,DMSO,Rep_6 96h,Syncom_reduced_sensitive_DMSO_Rep_6,CGGAGCCT,CGTCTAAT,96h,000000000-C9W8N,CGGAGCCTCGTCTAAT,Syncom_reduced_sensitive_DMSO_Rep_6.Rep_6_96h
511,720,Metagenomics,Amplicons,Illumina,Bacterial,Niklas Schandry,Becker,none,DNeasy Power Soil,500-600,0,Nextera XT,Syncom_full_random,DMSO,Rep_6 96h,Syncom_full_random_DMSO_Rep_6,CGGAGCCT,TCTCTCCG,96h,000000000-C9W8N,CGGAGCCTTCTCTCCG,Syncom_full_random_DMSO_Rep_6.Rep_6_96h
505,721,Metagenomics,Amplicons,Illumina,Bacterial,Niklas Schandry,Becker,none,DNeasy Power Soil,500-600,0,Nextera XT,Syncom_reduced_mixed,BOA,Rep_6 96h,Syncom_reduced_mixed_BOA_Rep_6,TACGCTGC,GTAAGGAG,96h,000000000-C9W8N,TACGCTGCGTAAGGAG,Syncom_reduced_mixed_BOA_Rep_6.Rep_6_96h
506,721,Metagenomics,Amplicons,Illumina,Bacterial,Niklas Schandry,Becker,none,DNeasy Power Soil,500-600,0,Nextera XT,Syncom_reduced_tolerant,BOA,Rep_6 96h,Syncom_reduced_tolerant_BOA_Rep_6,TACGCTGC,ACTGCATA,96h,000000000-C9W8N,TACGCTGCACTGCATA,Syncom_reduced_tolerant_BOA_Rep_6.Rep_6_96h
510,721,Metagenomics,Amplicons,Illumina,Bacterial,Niklas Schandry,Becker,none,DNeasy Power Soil,500-600,0,Nextera XT,Syncom_reduced_sensitive,BOA,Rep_6 96h,Syncom_reduced_sensitive_BOA_Rep_6,TACGCTGC,CGTCTAAT,96h,000000000-C9W8N,TACGCTGCCGTCTAAT,Syncom_reduced_sensitive_BOA_Rep_6.Rep_6_96h
511,721,Metagenomics,Amplicons,Illumina,Bacterial,Niklas Schandry,Becker,none,DNeasy Power Soil,500-600,0,Nextera XT,Syncom_full_random,BOA,Rep_6 96h,Syncom_full_random_BOA_Rep_6,TACGCTGC,TCTCTCCG,96h,000000000-C9W8N,TACGCTGCTCTCTCCG,Syncom_full_random_BOA_Rep_6.Rep_6_96h
505,722,Metagenomics,Amplicons,Illumina,Bacterial,Niklas Schandry,Becker,none,DNeasy Power Soil,500-600,0,Nextera XT,Syncom_reduced_mixed,APO,Rep_6 96h,Syncom_reduced_mixed_APO_Rep_6,ATGCGCAG,GTAAGGAG,96h,000000000-C9W8N,ATGCGCAGGTAAGGAG,Syncom_reduced_mixed_APO_Rep_6.Rep_6_96h
506,722,Metagenomics,Amplicons,Illumina,Bacterial,Niklas Schandry,Becker,none,DNeasy Power Soil,500-600,0,Nextera XT,Syncom_reduced_tolerant,APO,Rep_6 96h,Syncom_reduced_tolerant_APO_Rep_6,ATGCGCAG,ACTGCATA,96h,000000000-C9W8N,ATGCGCAGACTGCATA,Syncom_reduced_tolerant_APO_Rep_6.Rep_6_96h
510,722,Metagenomics,Amplicons,Illumina,Bacterial,Niklas Schandry,Becker,none,DNeasy Power Soil,500-600,0,Nextera XT,Syncom_reduced_sensitive,APO,Rep_6 96h,Syncom_reduced_sensitive_APO_Rep_6,ATGCGCAG,CGTCTAAT,96h,000000000-C9W8N,ATGCGCAGCGTCTAAT,Syncom_reduced_sensitive_APO_Rep_6.Rep_6_96h
511,722,Metagenomics,Amplicons,Illumina,Bacterial,Niklas Schandry,Becker,none,DNeasy Power Soil,500-600,0,Nextera XT,Syncom_full_random,APO,Rep_6 96h,Syncom_full_random_APO_Rep_6,ATGCGCAG,TCTCTCCG,96h,000000000-C9W8N,ATGCGCAGTCTCTCCG,Syncom_full_random_APO_Rep_6.Rep_6_96h
502,727,Metagenomics,Amplicons,Illumina,Bacterial,Niklas Schandry,Becker,none,DNeasy Power Soil,500-600,0,Nextera XT,SyncomNegative_Control,DMSO,Rep_5 96h,SyncomNegative_Control_DMSO_Rep_5,CGATCAGT,CTCTCTAT,96h,000000000-C9W8N,CGATCAGTCTCTCTAT,SyncomNegative_Control_DMSO_Rep_5.Rep_5_96h
503,727,Metagenomics,Amplicons,Illumina,Bacterial,Niklas Schandry,Becker,none,DNeasy Power Soil,500-600,0,Nextera XT,SyncomNegative_Control,DMSO,Rep_6 96h,SyncomNegative_Control_DMSO_Rep_6,CGATCAGT,TATCCTCT,96h,000000000-C9W8N,CGATCAGTTATCCTCT,SyncomNegative_Control_DMSO_Rep_6.Rep_6_96h
502,728,Metagenomics,Amplicons,Illumina,Bacterial,Niklas Schandry,Becker,none,DNeasy Power Soil,500-600,0,Nextera XT,SyncomNegative_Control,BOA,Rep_5 96h,SyncomNegative_Control_BOA_Rep_5,TGCAGCTA,CTCTCTAT,96h,000000000-C9W8N,TGCAGCTACTCTCTAT,SyncomNegative_Control_BOA_Rep_5.Rep_5_96h
503,728,Metagenomics,Amplicons,Illumina,Bacterial,Niklas Schandry,Becker,none,DNeasy Power Soil,500-600,0,Nextera XT,SyncomNegative_Control,BOA,Rep_6 96h,SyncomNegative_Control_BOA_Rep_6,TGCAGCTA,TATCCTCT,96h,000000000-C9W8N,TGCAGCTATATCCTCT,SyncomNegative_Control_BOA_Rep_6.Rep_6_96h
502,729,Metagenomics,Amplicons,Illumina,Bacterial,Niklas Schandry,Becker,none,DNeasy Power Soil,500-600,0,Nextera XT,SyncomNegative_Control,APO,Rep_5 96h,SyncomNegative_Control_APO_Rep_5,TCGACGTC,CTCTCTAT,96h,000000000-C9W8N,TCGACGTCCTCTCTAT,SyncomNegative_Control_APO_Rep_5.Rep_5_96h
503,729,Metagenomics,Amplicons,Illumina,Bacterial,Niklas Schandry,Becker,none,DNeasy Power Soil,500-600,0,Nextera XT,SyncomNegative_Control,APO,Rep_6 96h,SyncomNegative_Control_APO_Rep_6,TCGACGTC,TATCCTCT,96h,000000000-C9W8N,TCGACGTCTATCCTCT,SyncomNegative_Control_APO_Rep_6.Rep_6_96h
